Workbook

Sheet Margin Borrow Rates
A1: Date | B1: Binance | C1: OKX | D1: Bybit | E1: KuCoin | F1: Gate I.O | G1: BTC Price $
A2: 46023 | B2: 0.0436 | C2: 0.0316 | D2: 0.0385 | E2: 0.0454 | F2: 0.0443 | G2: 88728
A3: 46024 | B3: 0.0446 | C3: 0.0316 | D3: 0.0394 | E3: 0.0462 | F3: 0.0436 | G3: 89926
A4: 46025 | B4: 0.0459 | C4: 0.0316 | D4: 0.0397 | E4: 0.0472 | F4: 0.0427 | G4: 90594
A5: 46026 | B5: 0.0459 | C5: 0.0316 | D5: 0.0396 | E5: 0.0478 | F5: 0.0404 | G5: 91373
A6: 46027 | B6: 0.0462 | C6: 0.0316 | D6: 0.0395 | E6: 0.0479 | F6: 0.0489 | G6: 93927
A7: 46028 | B7: 0.0458 | C7: 0.0316 | D7: 0.0397 | E7: 0.047 | F7: 0.0503 | G7: 93667
A8: 46029 | B8: 0.0456 | C8: 0.0316 | D8: 0.0398 | E8: 0.0475 | F8: 0.0514 | G8: 91257
A9: 46030 | B9: 0.0461 | C9: 0.0316 | D9: 0.0384 | E9: 0.048 | F9: 0.0506 | G9: 90984
A10: 46031 | B10: 0.0461 | C10: 0.0316 | D10: 0.0373 | E10: 0.0486 | F10: 0.0517 | G10: 90505
A11: 46032 | B11: 0.0465 | C11: 0.0316 | D11: 0.0371 | E11: 0.0475 | F11: 0.0518 | G11: 90442
A12: 46033 | B12: 0.0466 | C12: 0.0316 | D12: 0.0373 | E12: 0.0481 | F12: 0.0521 | G12: 90819
A13: 46034 | B13: 0.0471 | C13: 0.0316 | D13: 0.0383 | E13: 0.0489 | F13: 0.0522 | G13: 91135
... A224: 46245 | B224: 0.0407 | C224: 0.0276 | D224: 0.0447 | E224: 0.0428 | F224: 0.0515 | G224: 63971
A225: 46246 | B225: 0.0407 | C225: 0.0276 | D225: 0.044 | E225: 0.0421 | F225: 0.0517
A226: 46247
A227: 46248
A228: 46249
A229: 46250

Sheet Daily Data
A1: Binance | S1: OKX | AK1: ByBit | BC1: Gate I.O
A2: Earn | B2: 7D | C2: 14D | D2: 30D | E2: 60D | F2: 90D | G2: 180D | H2: Flexible | I2: Borrow | J2: 7D | K2: 14D | L2: 30D | M2: 60D | N2: 90D | O2: 180D | P2: Flexible | Q2: Spread | S2: Earn | T2: 7D | U2: 14D | V2: 30D | W2: 60D | X2: 90D | Y2: 180D | Z2: Flexible | AA2: Borrow | AB2: 7D | AC2: 14D | AD2: 30D | AE2: 60D | AF2: 90D | AG2: 180D | AH2: Flexible | AI2: Spread | AK2: Earn | AL2: 7D | AM2: 14D | AN2: 30D | AO2: 60D | AP2: 90D | AQ2: 180D | AR2: Flexible | AS2: Borrow | AT2: 7D | AU2: 14D | AV2: 30D | AW2: 60D | AX2: 90D | AY2: 180D | AZ2: Flexible | BA2: Spread | BC2: Earn | BD2: 7D | BE2: 14D | BF2: 30D | BG2: 60D | BH2: 90D | BI2: 180D | BJ2: Flexible | BK2: Borrow | BL2: 7D | BM2: 14D | BN2: 30D | BO2: 60D | BP2: 90D | BQ2: 180D | BR2: Flexible | BS2: Spread
AL3: Sınırlı | AP3: VIP | AQ3: VIP
A4: 46077 | B4: N/A | C4: N/A | D4: P2P | E4: N/A | F4: P2P | G4: N/A | H4: 0.0084 | I4: 46077 | J4: N/A | K4: N/A | L4: P2P | M4: N/A | N4: P2P | O4: P2P | P4: 0.0305 | Q4: =P4-H4 -> 0.0221 | S4: 46077 | T4: N/A | U4: N/A | V4: N/A | W4: N/A | X4: 0.035 | Y4: N/A | Z4: 0.0113 | AA4: 46077 | AB4: N/A | AC4: N/A | AD4: N/A | AE4: N/A | AF4: N/A | AG4: N/A | AH4: 0.0297 | AI4: =AH4-Z4 -> 0.0184 | AK4: 46077 | AL4: 0.02 | AP4: 0.025 | AQ4: 0.027 | AR4: 0.006 | AS4: 46077 | AT4: 0.032 | AU4: 0.032 | AV4: 0.045 | AW4: 0.051 | AX4: 0.0588 | AY4: 0.05 | AZ4: 0.0349 | BA4: =AZ4-AR4 -> 0.0289 | BC4: 46077 | BD4: 0.0088 | BE4: 0.0089 | BF4: 0.0092 | BJ4: 0.0076 | BK4: 46077 | BL4: 0.04 | BN4: 0.0548 | BR4: 0.0307 | BS4: =BR4-BJ4 -> 0.0231
A5: 46078 | B5: N/A | C5: N/A | D5: P2P | E5: N/A | F5: P2P | G5: N/A | H5: 0.0085 | I5: 46078 | J5: N/A | K5: N/A | L5: P2P | M5: N/A | N5: P2P | O5: P2P | P5: 0.0304 | Q5: =P5-H5 -> 0.0219 | S5: 46078 | T5: N/A | U5: N/A | V5: N/A | W5: N/A | X5: 0.035 | Y5: N/A | Z5: 0.0113 | AA5: 46078 | AB5: N/A | AC5: N/A | AD5: N/A | AE5: N/A | AF5: N/A | AG5: N/A | AH5: 0.03 | AI5: =AH5-Z5 -> 0.0187 | AK5: 46078 | AL5: 0.02 | AP5: 0.025 | AQ5: 0.027 | AR5: 0.006 | AS5: 46078 | AT5: 0.03 | AU5: 0.0315 | AV5: 0.0439 | AW5: 0.0499 | AX5: 0.0585 | AY5: 0.0645 | AZ5: 0.0344 | BA5: =AZ5-AR5 -> 0.0284 | BC5: 46078 | BD5: 0.0088 | BE5: 0.0089 | BF5: 0.0092 | BJ5: 0.0076 | BK5: 46078 | BL5: 0.04 | BN5: 0.0548 | BR5: 0.0307 | BS5: =BR5-BJ5 -> 0.0231
A6: 46079 | B6: N/A | C6: N/A | D6: P2P | E6: N/A | F6: P2P | G6: N/A | H6: 0.0088 | I6: 46079 | J6: N/A | K6: N/A | L6: P2P | M6: N/A | N6: P2P | O6: P2P | P6: 0.0319 | Q6: =P6-H6 -> 0.0231 | S6: 46079 | T6: N/A | U6: N/A | V6: N/A | W6: N/A | X6: 0.03 | Y6: N/A | Z6: 0.0114 | AA6: 46079 | AB6: N/A | AC6: N/A | AD6: N/A | AE6: N/A | AF6: N/A | AG6: N/A | AH6: 0.025 | AI6: =AH6-Z6 -> 0.0136 | AK6: 46079 | AL6: 0.02 | AP6: 0.025 | AQ6: 0.027 | AR6: 0.0061 | AS6: 46079 | AT6: 0.033 | AU6: 0.034 | AV6: 0.043 | AW6: 0.05 | AX6: 0.0585 | AY6: 0.0654 | AZ6: 0.035 | BA6: =AZ6-AR6 -> 0.0289 | BC6: 46079 | BD6: 0.0086 | BE6: 0.0088 | BF6: 0.009 | BJ6: 0.0076 | BK6: 46079 | BL6: 0.0398 | BN6: 0.0548 | BR6: 0.0307 | BS6: =BR6-BJ6 -> 0.0231
A7: 46080 | B7: N/A | C7: N/A | D7: P2P | E7: N/A | F7: P2P | G7: N/A | H7: 0.0092 | I7: 46080 | J7: N/A | K7: N/A | L7: P2P | M7: N/A | N7: P2P | O7: P2P | P7: 0.0322 | Q7: =P7-H7 -> 0.023 | S7: 46080 | T7: N/A | U7: N/A | V7: N/A | W7: N/A | X7: 0.03 | Y7: N/A | Z7: 0.0114 | AA7: 46080 | AB7: N/A | AC7: N/A | AD7: N/A | AE7: N/A | AF7: N/A | AG7: N/A | AH7: 0.025 | AI7: =AH7-Z7 -> 0.0136 | AK7: 46080 | AL7: 0.02 | AP7: 0.025 | AQ7: 0.0275 | AR7: 0.0061 | AS7: 46080 | AT7: 0.03 | AU7: 0.034 | AV7: 0.0434 | AW7: 0.05 | AX7: 0.0547 | AY7: 0.0647 | AZ7: 0.0354 | BA7: =AZ7-AR7 -> 0.0293 | BC7: 46080 | BD7: 0.0084 | BE7: 0.0086 | BF7: 0.0089 | BJ7: 0.0074 | BK7: 46080 | BL7: 0.04 | BN7: 0.0548 | BR7: 0.0304 | BS7: =BR7-BJ7 -> 0.023
A8: 46081 | B8: N/A | C8: N/A | D8: P2P | E8: N/A | F8: P2P | G8: N/A | H8: 0.0086 | I8: 46081 | J8: N/A | K8: N/A | L8: P2P | M8: N/A | N8: P2P | O8: P2P | P8: 0.0313 | Q8: =P8-H8 -> 0.0227 | S8: 46081 | T8: N/A | U8: N/A | V8: N/A | W8: N/A | X8: 0.03 | Y8: N/A | Z8: 0.011 | AA8: 46081 | AB8: N/A | AC8: N/A | AD8: N/A | AE8: N/A | AF8: N/A | AG8: N/A | AH8: 0.025 | AI8: =AH8-Z8 -> 0.014 | AK8: 46081 | AL8: 0.02 | AP8: 0.026 | AQ8: 0.0285 | AR8: 0.006 | AS8: 46081 | AT8: 0.0311 | AU8: 0.0335 | AV8: 0.032 | AW8: 0.05 | AX8: 0.0547 | AY8: 0.065 | AZ8: 0.0351 | BA8: =AZ8-AR8 -> 0.0291 | BC8: 46081 | BD8: 0.0083 | BE8: 0.0084 | BF8: 0.0086 | BJ8: 0.0073 | BK8: 46081 | BL8: 0.0398 | BN8: 0.0548 | BR8: 0.0302 | BS8: =BR8-BJ8 -> 0.0229
A9: 46082 | B9: N/A | C9: N/A | D9: P2P | E9: N/A | F9: P2P | G9: N/A | H9: 0.0085 | I9: 46082 | J9: N/A | K9: N/A | L9: P2P | M9: N/A | N9: P2P | O9: P2P | P9: 0.0311 | Q9: =P9-H9 -> 0.0226 | S9: 46082 | T9: N/A | U9: N/A | V9: N/A | W9: N/A | X9: 0.03 | Y9: N/A | Z9: 0.011 | AA9: 46082 | AB9: N/A | AC9: N/A | AD9: N/A | AE9: N/A | AF9: N/A | AG9: N/A | AH9: 0.025 | AI9: =AH9-Z9 -> 0.014 | AK9: 46082 | AL9: 0.02 | AP9: 0.026 | AQ9: 0.0285 | AR9: 0.006 | AS9: 46082 | AT9: 0.032 | AU9: 0.0335 | AV9: 0.032 | AW9: 0.05 | AX9: 0.0537 | AY9: 0.0651 | AZ9: 0.0351 | BA9: =AZ9-AR9 -> 0.0291 | BC9: 46082 | BD9: 0.0079 | BE9: 0.0081 | BF9: 0.0083 | BJ9: 0.0071 | BK9: 46082 | BL9: 0.0396 | BN9: 0.0548 | BR9: 0.0298 | BS9: =BR9-BJ9 -> 0.0227
A10: 46083 | B10: N/A | C10: N/A | D10: P2P | E10: N/A | F10: P2P | G10: N/A | H10: 0.0086 | I10: 46083 | J10: N/A | K10: N/A | L10: P2P | M10: N/A | N10: P2P | O10: P2P | P10: 0.0313 | Q10: =P10-H10 -> 0.0227 | S10: 46083 | T10: N/A | U10: N/A | V10: N/A | W10: N/A | X10: 0.03 | Y10: N/A | Z10: 0.0111 | AA10: 46083 | AB10: N/A | AC10: N/A | AD10: N/A | AE10: N/A | AF10: N/A | AG10: N/A | AH10: 0.025 | AI10: =AH10-Z10 -> 0.0139 | AK10: 46083 | AL10: 0.02 | AP10: 0.026 | AQ10: 0.0285 | AR10: 0.006 | AS10: 46083 | AT10: 0.033 | AU10: 0.033 | AV10: 0.043 | AW10: 0.0499 | AX10: 0.0549 | AY10: 0.065 | AZ10: 0.0347 | BA10: =AZ10-AR10 -> 0.0287 | BC10: 46083 | BD10: 0.0078 | BE10: 0.008 | BF10: 0.0082 | BJ10: 0.0069 | BK10: 46083 | BL10: 0.0386 | BN10: 0.0548 | BR10: 0.0294 | BS10: =BR10-BJ10 -> 0.0225
A11: 46084 | B11: N/A | C11: N/A | D11: P2P | E11: N/A | F11: P2P | G11: N/A | H11: 0.0086 | I11: 46084 | J11: N/A | K11: N/A | L11: P2P | M11: N/A | N11: P2P | O11: P2P | P11: 0.0312 | Q11: =P11-H11 -> 0.0226 | S11: 46084 | T11: N/A | U11: N/A | V11: N/A | W11: N/A | X11: 0.03 | Y11: N/A | Z11: 0.0112 | AA11: 46084 | AB11: N/A | AC11: N/A | AD11: N/A | AE11: N/A | AF11: N/A | AG11: N/A | AH11: 0.025 | AI11: =AH11-Z11 -> 0.0138 | AK11: 46084 | AL11: 0.02 | AP11: 0.026 | AQ11: 0.0285 | AR11: 0.0067 | AS11: 46084 | AT11: 0.046 | AU11: 0.032 | AV11: 0.042 | AW11: 0.059 | AX11: 0.0585 | AY11: 0.0654 | AZ11: 0.0351 | BA11: =AZ11-AR11 -> 0.0284 | BC11: 46084 | BD11: 0.0077 | BE11: 0.0079 | BF11: 0.0081 | BJ11: 0.0076 | BK11: 46084 | BL11: 0.0386 | BN11: 0.0548 | BR11: 0.0308 | BS11: =BR11-BJ11 -> 0.0232
A12: 46085 | B12: N/A | C12: N/A | D12: P2P | E12: N/A | F12: P2P | G12: N/A | H12: 0.0082 | I12: 46085 | J12: N/A | K12: N/A | L12: P2P | M12: N/A | N12: P2P | O12: P2P | P12: 0.0304 | Q12: =P12-H12 -> 0.0222 | S12: 46085 | T12: N/A | U12: N/A | V12: N/A | W12: N/A | X12: 0.03 | Y12: N/A | Z12: 0.0113 | AA12: 46085 | AB12: N/A | AC12: N/A | AD12: N/A | AE12: N/A | AF12: N/A | AG12: N/A | AH12: 0.025 | AI12: =AH12-Z12 -> 0.0137 | AK12: 46085 | AL12: 0.02 | AP12: 0.027 | AQ12: 0.028 | AR12: 0.0073 | AS12: 46085 | AT12: 0.046 | AU12: 0.04 | AV12: 0.042 | AW12: 0.0575 | AX12: 0.058 | AY12: 0.07 | AZ12: 0.0346 | BA12: =AZ12-AR12 -> 0.0273 | BC12: 46085 | BD12: 0.0077 | BE12: 0.0078 | BF12: 0.008 | BJ12: 0.0074 | BK12: 46085 | BL12: 0.0386 | BN12: 0.0548 | BR12: 0.0304 | BS12: =BR12-BJ12 -> 0.023
A13: 46086 | B13: N/A | C13: N/A | D13: P2P | E13: N/A | F13: P2P | G13: N/A | H13: 0.0089 | I13: 46086 | J13: N/A | K13: N/A | L13: P2P | M13: N/A | N13: P2P | O13: P2P | P13: 0.0317 | Q13: =P13-H13 -> 0.0228 | S13: 46086 | T13: N/A | U13: N/A | V13: N/A | W13: N/A | X13: 0.03 | Y13: N/A | Z13: 0.0117 | AA13: 46086 | AB13: N/A | AC13: N/A | AD13: N/A | AE13: N/A | AF13: N/A | AG13: N/A | AH13: 0.025 | AI13: =AH13-Z13 -> 0.0133 | AK13: 46086 | AL13: 0.02 | AP13: 0.028 | AQ13: 0.029 | AR13: 0.0075 | AS13: 46086 | AT13: 0.036 | AU13: 0.04 | AV13: 0.042 | AW13: 0.0573 | AX13: 0.0579 | AY13: 0.066 | AZ13: 0.0356 | BA13: =AZ13-AR13 -> 0.0281 | BC13: 46086 | BD13: 0.0076 | BE13: 0.0078 | BF13: 0.008 | BJ13: 0.0075 | BK13: 46086 | BL13: 0.0386 | BN13: 0.0548 | BR13: 0.0322 | BS13: =BR13-BJ13 -> 0.0247
A14: 46087 | B14: N/A | C14: N/A | D14: P2P | E14: N/A | F14: P2P | G14: N/A | H14: 0.0089 | I14: 46087 | J14: N/A | K14: N/A | L14: P2P | M14: N/A | N14: P2P | O14: P2P | P14: 0.0323 | Q14: =P14-H14 -> 0.0234 | S14: 46087 | T14: N/A | U14: N/A | V14: N/A | W14: N/A | X14: 0.03 | Y14: N/A | Z14: 0.0117 | AA14: 46087 | AB14: N/A | AC14: N/A | AD14: N/A | AE14: N/A | AF14: N/A | AG14: N/A | AH14: 0.025 | AI14: =AH14-Z14 -> 0.0133 | AK14: 46087 | AL14: 0.02 | AP14: N/A | AQ14: 0.0266 | AR14: 0.0073 | AS14: 46087 | AT14: 0.039 | AU14: 0.0345 | AV14: 0.04 | AW14: 0.0572 | AX14: 0.0579 | AY14: 0.0685 | AZ14: 0.0356 | BA14: =AZ14-AR14 -> 0.0283 | BC14: 46087 | BD14: 0.0076 | BE14: 0.0078 | BF14: 0.008 | BJ14: 0.0078 | BK14: 46087 | BL14: 0.039 | BN14: 0.0548 | BR14: 0.0326 | BS14: =BR14-BJ14 -> 0.0248
A15: 46088 | B15: N/A | C15: N/A | D15: P2P | E15: N/A | F15: P2P | G15: N/A | H15: 0.0082 | I15: 46088 | J15: N/A | K15: N/A | L15: P2P | M15: N/A | N15: P2P | O15: P2P | P15: 0.0318 | Q15: =P15-H15 -> 0.0236 | S15: 46088 | T15: N/A | U15: N/A | V15: N/A | W15: N/A | X15: 0.03 | Y15: N/A | Z15: 0.0117 | AA15: 46088 | AB15: N/A | AC15: N/A | AD15: N/A | AE15: N/A | AF15: N/A | AG15: N/A | AH15: 0.025 | AI15: =AH15-Z15 -> 0.0133 | AK15: 46088 | AL15: 0.02 | AP15: N/A | AQ15: 0.0266 | AR15: 0.0069 | AS15: 46088 | AT15: 0.0363 | AU15: 0.04 | AV15: 0.042 | AW15: 0.0573 | AX15: 0.058 | AY15: 0.0685 | AZ15: 0.0356 | BA15: =AZ15-AR15 -> 0.0287 | BC15: 46088 | BD15: 0.0077 | BE15: 0.0079 | BF15: 0.0082 | BJ15: 0.0076 | BK15: 46088 | BL15: 0.0386 | BN15: 0.0548 | BR15: 0.0323 | BS15: =BR15-BJ15 -> 0.0247
A16: 46089 | B16: N/A | C16: N/A | D16: P2P | E16: N/A | F16: P2P | G16: N/A | H16: 0.008 | I16: 46089 | J16: N/A | K16: N/A | L16: P2P | M16: N/A | N16: P2P | O16: P2P | P16: 0.0307 | Q16: =P16-H16 -> 0.0227 | S16: 46089 | T16: N/A | U16: N/A | V16: N/A | W16: N/A | X16: 0.03 | Y16: N/A | Z16: 0.0117 | AA16: 46089 | AB16: N/A | AC16: N/A | AD16: N/A | AE16: N/A | AF16: N/A | AG16: N/A | AH16: 0.025 | AI16: =AH16-Z16 -> 0.0133 | AK16: 46089 | AL16: 0.02 | AP16: N/A | AQ16: 0.0265 | AR16: 0.0066 | AS16: 46089 | AT16: 0.0375 | AU16: 0.0409 | AV16: 0.042 | AW16: 0.0573 | AX16: 0.058 | AY16: 0.0685 | AZ16: 0.0354 | BA16: =AZ16-AR16 -> 0.0288 | BC16: 46089 | BD16: 0.0076 | BE16: 0.0078 | BF16: 0.0081 | BJ16: 0.0075 | BK16: 46089 | BL16: 0.0386 | BN16: 0.0548 | BR16: 0.0323 | BS16: =BR16-BJ16 -> 0.0248
A17: 46090 | B17: N/A | C17: N/A | D17: P2P | E17: N/A | F17: P2P | G17: N/A | H17: 0.0081 | I17: 46090 | J17: N/A | K17: N/A | L17: P2P | M17: N/A | N17: P2P | O17: P2P | P17: 0.031 | Q17: =P17-H17 -> 0.0229 | S17: 46090 | T17: N/A | U17: N/A | V17: N/A | W17: N/A | X17: 0.03 | Y17: N/A | Z17: 0.0117 | AA17: 46090 | AB17: N/A | AC17: N/A | AD17: N/A | AE17: N/A | AF17: N/A | AG17: N/A | AH17: 0.025 | AI17: =AH17-Z17 -> 0.0133 | AK17: 46090 | AL17: 0.02 | AP17: N/A | AQ17: 0.0265 | AR17: 0.0064 | AS17: 46090 | AT17: 0.032 | AU17: 0.0409 | AV17: 0.038 | AW17: 0.05 | AX17: 0.0524 | AY17: 0.0659 | AZ17: 0.0344 | BA17: =AZ17-AR17 -> 0.028 | BC17: 46090 | BD17: 0.0078 | BE17: 0.0079 | BF17: 0.0081 | BJ17: 0.0071 | BK17: 46090 | BL17: 0.0386 | BN17: 0.0548 | BR17: 0.0314 | BS17: =BR17-BJ17 -> 0.0243
A18: 46091 | B18: N/A | C18: N/A | D18: P2P | E18: N/A | F18: P2P | G18: N/A | H18: 0.0081 | I18: 46091 | J18: N/A | K18: N/A | L18: P2P | M18: N/A | N18: P2P | O18: P2P | P18: 0.0302 | Q18: =P18-H18 -> 0.0221 | S18: 46091 | T18: N/A | U18: N/A | V18: N/A | W18: N/A | X18: 0.03 | Y18: N/A | Z18: 0.0115 | AA18: 46091 | AB18: N/A | AC18: N/A | AD18: N/A | AE18: N/A | AF18: N/A | AG18: N/A | AH18: 0.025 | AI18: =AH18-Z18 -> 0.0135 | AK18: 46091 | AL18: 0.02 | AP18: N/A | AQ18: 0.0265 | AR18: 0.0066 | AS18: 46091 | AT18: 0.032 | AU18: 0.035 | AV18: 0.038 | AW18: 0.05 | AX18: 0.0585 | AY18: 0.061 | AZ18: 0.0341 | BA18: =AZ18-AR18 -> 0.0275 | BC18: 46091 | BD18: 0.0078 | BE18: 0.0079 | BF18: 0.0082 | BJ18: 0.0074 | BK18: 46091 | BL18: 0.0386 | BN18: 0.0548 | BR18: 0.032 | BS18: =BR18-BJ18 -> 0.0246
A19: 46092 | B19: N/A | C19: N/A | D19: P2P | E19: N/A | F19: P2P | G19: N/A | H19: 0.0084 | I19: 46092 | J19: N/A | K19: N/A | L19: P2P | M19: N/A | N19: P2P | O19: P2P | P19: 0.0308 | Q19: =P19-H19 -> 0.0224 | S19: 46092 | T19: N/A | U19: N/A | V19: N/A | W19: N/A | X19: 0.03 | Y19: N/A | Z19: 0.0117 | AA19: 46092 | AB19: N/A | AC19: N/A | AD19: N/A | AE19: N/A | AF19: N/A | AG19: N/A | AH19: 0.025 | AI19: =AH19-Z19 -> 0.0133 | AK19: 46092 | AL19: 0.02 | AP19: N/A | AQ19: 0.0265 | AR19: 0.0067 | AS19: 46092 | AT19: 0.032 | AU19: 0.0409 | AV19: 0.036 | AW19: 0.049 | AX19: 0.0533 | AY19: 0.061 | AZ19: 0.0354 | BA19: =AZ19-AR19 -> 0.0287 | BC19: 46092 | BD19: 0.0078 | BE19: 0.0079 | BF19: 0.0081 | BJ19: 0.0071 | BK19: 46092 | BL19: 0.0386 | BN19: 0.0548 | BR19: 0.0315 | BS19: =BR19-BJ19 -> 0.0244
A20: 46093 | B20: N/A | C20: N/A | D20: P2P | E20: N/A | F20: P2P | G20: N/A | H20: 0.0087 | I20: 46093 | J20: N/A | K20: N/A | L20: P2P | M20: N/A | N20: P2P | O20: P2P | P20: 0.0313 | Q20: =P20-H20 -> 0.0226 | S20: 46093 | T20: N/A | U20: N/A | V20: N/A | W20: N/A | X20: 0.03 | Y20: N/A | Z20: 0.0115 | AA20: 46093 | AB20: N/A | AC20: N/A | AD20: N/A | AE20: N/A | AF20: N/A | AG20: N/A | AH20: 0.025 | AI20: =AH20-Z20 -> 0.0135 | AK20: 46093 | AL20: 0.02 | AP20: 0.0251 | AQ20: 0.0265 | AR20: 0.0066 | AS20: 46093 | AT20: 0.032 | AU20: 0.0409 | AV20: 0.031 | AW20: 0.05 | AX20: 0.0533 | AY20: 0.066 | AZ20: 0.0353 | BA20: =AZ20-AR20 -> 0.0287 | BC20: 46093 | BD20: 0.0073 | BE20: 0.0073 | BF20: 0.0075 | BJ20: 0.0071 | BK20: 46093 | BL20: 0.0386 | BN20: 0.0548 | BR20: 0.0316 | BS20: =BR20-BJ20 -> 0.0245
A21: 46094 | B21: N/A | C21: N/A | D21: P2P | E21: N/A | F21: P2P | G21: N/A | H21: 0.0083 | I21: 46094 | J21: N/A | K21: N/A | L21: P2P | M21: N/A | N21: P2P | O21: P2P | P21: 0.0306 | Q21: =P21-H21 -> 0.0223 | S21: 46094 | T21: N/A | U21: N/A | V21: N/A | W21: N/A | X21: 0.03 | Y21: N/A | Z21: 0.0116 | AA21: 46094 | AB21: N/A | AC21: N/A | AD21: N/A | AE21: N/A | AF21: N/A | AG21: N/A | AH21: 0.025 | AI21: =AH21-Z21 -> 0.0134 | AK21: 46094 | AL21: 0.02 | AP21: 0.0251 | AQ21: 0.0265 | AR21: 0.0066 | AS21: 46094 | AT21: 0.033 | AU21: 0.0407 | AV21: 0.038 | AW21: 0.0469 | AX21: 0.0479 | AY21: 0.065 | AZ21: 0.0345 | BA21: =AZ21-AR21 -> 0.0279 | BC21: 46094 | BD21: 0.0072 | BE21: 0.0072 | BF21: 0.0072 | BJ21: 0.0071 | BK21: 46094 | BL21: 0.0386 | BN21: 0.0548 | BR21: 0.0314 | BS21: =BR21-BJ21 -> 0.0243
A22: 46095 | B22: N/A | C22: N/A | D22: P2P | E22: N/A | F22: P2P | G22: N/A | H22: 0.008 | I22: 46095 | J22: N/A | K22: N/A | L22: P2P | M22: N/A | N22: P2P | O22: P2P | P22: 0.0299 | Q22: =P22-H22 -> 0.0219 | S22: 46095 | T22: N/A | U22: N/A | V22: N/A | W22: N/A | X22: 0.035 | Y22: N/A | Z22: 0.0115 | AA22: 46095 | AB22: N/A | AC22: N/A | AD22: N/A | AE22: N/A | AF22: N/A | AG22: N/A | AH22: 0.025 | AI22: =AH22-Z22 -> 0.0135 | AK22: 46095 | AL22: 0.02 | AP22: N/A | AQ22: 0.0265 | AR22: 0.0064 | AS22: 46095 | AT22: 0.0328 | AU22: 0.0408 | AV22: 0.04 | AW22: 0.044 | AX22: 0.0533 | AY22: 0.062 | AZ22: 0.034 | BA22: =AZ22-AR22 -> 0.0276 | BC22: 46095 | BD22: 0.0072 | BE22: 0.0073 | BF22: 0.0077 | BJ22: 0.0074 | BK22: 46095 | BL22: 0.0386 | BN22: 0.0548 | BR22: 0.032 | BS22: =BR22-BJ22 -> 0.0246
A23: 46096 | B23: N/A | C23: N/A | D23: P2P | E23: N/A | F23: P2P | G23: N/A | H23: 0.0082 | I23: 46096 | J23: N/A | K23: N/A | L23: P2P | M23: N/A | N23: P2P | O23: P2P | P23: 0.0321 | Q23: =P23-H23 -> 0.0239 | S23: 46096 | T23: N/A | U23: N/A | V23: N/A | W23: N/A | X23: 0.035 | Y23: N/A | Z23: 0.0119 | AA23: 46096 | AB23: N/A | AC23: N/A | AD23: N/A | AE23: N/A | AF23: N/A | AG23: N/A | AH23: 0.025 | AI23: =AH23-Z23 -> 0.0131 | AK23: 46096 | AL23: 0.02 | AP23: N/A | AQ23: 0.0265 | AR23: 0.0068 | AS23: 46096 | AT23: 0.032 | AU23: 0.0395 | AV23: 0.032 | AW23: 0.044 | AX23: 0.0533 | AY23: 0.0615 | AZ23: 0.0345 | BA23: =AZ23-AR23 -> 0.0277 | BC23: 46096 | BD23: 0.0072 | BE23: 0.0073 | BF23: 0.0076 | BJ23: 0.0075 | BK23: 46096 | BL23: 0.0386 | BN23: 0.0548 | BR23: 0.0311 | BS23: =BR23-BJ23 -> 0.0236
A24: 46097 | B24: N/A | C24: N/A | D24: P2P | E24: N/A | F24: P2P | G24: N/A | H24: 0.0098 | I24: 46097 | J24: N/A | K24: N/A | L24: P2P | M24: N/A | N24: P2P | O24: P2P | P24: 0.0332 | Q24: =P24-H24 -> 0.0234 | S24: 46097 | T24: N/A | U24: N/A | V24: N/A | W24: N/A | X24: 0.035 | Y24: N/A | Z24: 0.0121 | AA24: 46097 | AB24: N/A | AC24: N/A | AD24: N/A | AE24: N/A | AF24: N/A | AG24: N/A | AH24: 0.025 | AI24: =AH24-Z24 -> 0.0129 | AK24: 46097 | AL24: 0.02 | AP24: N/A | AQ24: 0.0265 | AR24: 0.007 | AS24: 46097 | AT24: 0.032 | AU24: 0.0399 | AV24: 0.04 | AW24: 0.0447 | AX24: 0.051 | AY24: 0.062 | AZ24: 0.0349 | BA24: =AZ24-AR24 -> 0.0279 | BC24: 46097 | BD24: 0.0072 | BE24: 0.0073 | BF24: 0.0076 | BJ24: 0.0076 | BK24: 46097 | BL24: 0.0386 | BN24: 0.0548 | BR24: 0.0311 | BS24: =BR24-BJ24 -> 0.0235
A25: 46098 | B25: N/A | C25: N/A | D25: P2P | E25: N/A | F25: P2P | G25: N/A | H25: 0.0099 | I25: 46098 | J25: N/A | K25: N/A | L25: P2P | M25: N/A | N25: P2P | O25: P2P | P25: 0.0335 | Q25: =P25-H25 -> 0.0236 | S25: 46098 | T25: N/A | U25: N/A | V25: N/A | W25: N/A | X25: 0.035 | Y25: N/A | Z25: 0.0122 | AA25: 46098 | AB25: N/A | AC25: N/A | AD25: N/A | AE25: N/A | AF25: N/A | AG25: N/A | AH25: 0.025 | AI25: =AH25-Z25 -> 0.0128 | AK25: 46098 | AL25: 0.02 | AP25: N/A | AQ25: 0.0265 | AR25: 0.0076 | AS25: 46098 | AT25: 0.03 | AU25: 0.0394 | AV25: 0.042 | AW25: 0.0439 | AX25: 0.0507 | AY25: 0.062 | AZ25: 0.0385 | BA25: =AZ25-AR25 -> 0.0309 | BC25: 46098 | BD25: 0.0072 | BE25: 0.0073 | BF25: 0.0076 | BJ25: 0.0073 | BK25: 46098 | BL25: 0.0386 | BN25: 0.0548 | BR25: 0.0311 | BS25: =BR25-BJ25 -> 0.0238
A26: 46099 | B26: N/A | C26: N/A | D26: P2P | E26: N/A | F26: P2P | G26: N/A | H26: 0.0092 | I26: 46099 | J26: N/A | K26: N/A | L26: P2P | M26: N/A | N26: P2P | O26: P2P | P26: 0.0323 | Q26: =P26-H26 -> 0.0231 | S26: 46099 | T26: N/A | U26: N/A | V26: N/A | W26: N/A | X26: 0.035 | Y26: N/A | Z26: 0.0122 | AA26: 46099 | AB26: N/A | AC26: N/A | AD26: N/A | AE26: N/A | AF26: N/A | AG26: N/A | AH26: 0.025 | AI26: =AH26-Z26 -> 0.0128 | AK26: 46099 | AL26: 0.02 | AP26: N/A | AQ26: 0.0265 | AR26: 0.0072 | AS26: 46099 | AT26: 0.035 | AU26: 0.042 | AV26: 0.04 | AW26: 0.042 | AX26: 0.0505 | AY26: 0.0659 | AZ26: 0.0357 | BA26: =AZ26-AR26 -> 0.0285 | BC26: 46099 | BD26: 0.0072 | BE26: 0.0073 | BF26: 0.0076 | BJ26: 0.0073 | BK26: 46099 | BL26: 0.0386 | BN26: 0.0548 | BR26: 0.0312 | BS26: =BR26-BJ26 -> 0.0239
A27: 46100 | B27: N/A | C27: N/A | D27: P2P | E27: N/A | F27: P2P | G27: N/A | H27: 0.0082 | I27: 46100 | J27: N/A | K27: N/A | L27: P2P | M27: N/A | N27: P2P | O27: P2P | P27: 0.0305 | Q27: =P27-H27 -> 0.0223 | S27: 46100 | T27: N/A | U27: N/A | V27: N/A | W27: N/A | X27: 0.035 | Y27: N/A | Z27: 0.0115 | AA27: 46100 | AB27: N/A | AC27: N/A | AD27: N/A | AE27: N/A | AF27: N/A | AG27: N/A | AH27: 0.025 | AI27: =AH27-Z27 -> 0.0135 | AK27: 46100 | AL27: 0.02 | AP27: N/A | AQ27: 0.0265 | AR27: 0.006 | AS27: 46100 | AT27: 0.0342 | AU27: 0.042 | AV27: 0.035 | AW27: 0.044 | AX27: 0.0507 | AY27: 0.0658 | AZ27: 0.0343 | BA27: =AZ27-AR27 -> 0.0283 | BC27: 46100 | BD27: 0.0072 | BE27: 0.0073 | BF27: 0.0076 | BJ27: 0.0074 | BK27: 46100 | BL27: 0.0386 | BN27: 0.0548 | BR27: 0.0312 | BS27: =BR27-BJ27 -> 0.0238
A28: 46101 | B28: N/A | C28: N/A | D28: P2P | E28: N/A | F28: P2P | G28: N/A | H28: 0.007 | I28: 46101 | J28: N/A | K28: N/A | L28: P2P | M28: N/A | N28: P2P | O28: P2P | P28: 0.0287 | Q28: =P28-H28 -> 0.0217 | S28: 46101 | T28: N/A | U28: N/A | V28: N/A | W28: N/A | X28: 0.035 | Y28: N/A | Z28: 0.0112 | AA28: 46101 | AB28: N/A | AC28: N/A | AD28: N/A | AE28: N/A | AF28: N/A | AG28: N/A | AH28: 0.025 | AI28: =AH28-Z28 -> 0.0138 | AK28: 46101 | AL28: 0.02 | AP28: 0.026 | AQ28: 0.027 | AR28: 0.006 | AS28: 46101 | AT28: 0.0342 | AU28: 0.04 | AV28: 0.034 | AW28: 0.044 | AX28: 0.05 | AY28: 0.0658 | AZ28: 0.034 | BA28: =AZ28-AR28 -> 0.028 | BC28: 46101 | BD28: 0.0072 | BE28: 0.0073 | BF28: 0.0074 | BJ28: 0.0078 | BK28: 46101 | BL28: 0.0378 | BN28: 0.0548 | BR28: 0.0318 | BS28: =BR28-BJ28 -> 0.024
A29: 46102 | B29: N/A | C29: N/A | D29: P2P | E29: N/A | F29: P2P | G29: N/A | H29: 0.0075 | I29: 46102 | J29: N/A | K29: N/A | L29: P2P | M29: N/A | N29: P2P | O29: P2P | P29: 0.029 | Q29: =P29-H29 -> 0.0215 | S29: 46102 | T29: N/A | U29: N/A | V29: N/A | W29: N/A | X29: 0.035 | Y29: N/A | Z29: 0.0112 | AA29: 46102 | AB29: N/A | AC29: N/A | AD29: N/A | AE29: N/A | AF29: N/A | AG29: N/A | AH29: 0.025 | AI29: =AH29-Z29 -> 0.0138 | AK29: 46102 | AL29: 0.02 | AP29: 0.026 | AQ29: 0.027 | AR29: 0.006 | AS29: 46102 | AT29: 0.0342 | AU29: 0.034 | AV29: 0.0349 | AW29: 0.043 | AX29: 0.05 | AY29: 0.0683 | AZ29: 0.0333 | BA29: =AZ29-AR29 -> 0.0273 | BC29: 46102 | BD29: 0.0072 | BE29: 0.0072 | BF29: 0.0072 | BJ29: 0.007 | BK29: 46102 | BL29: 0.0378 | BN29: 0.0548 | BR29: 0.0286 | BS29: =BR29-BJ29 -> 0.0216
A30: 46103 | B30: N/A | C30: N/A | D30: P2P | E30: N/A | F30: P2P | G30: N/A | H30: 0.0071 | I30: 46103 | J30: N/A | K30: N/A | L30: P2P | M30: N/A | N30: P2P | O30: P2P | P30: 0.0283 | Q30: =P30-H30 -> 0.0212 | S30: 46103 | T30: N/A | U30: N/A | V30: N/A | W30: N/A | X30: 0.035 | Y30: N/A | Z30: 0.0109 | AA30: 46103 | AB30: N/A | AC30: N/A | AD30: N/A | AE30: N/A | AF30: N/A | AG30: N/A | AH30: 0.025 | AI30: =AH30-Z30 -> 0.0141 | AK30: 46103 | AL30: 0.02 | AP30: 0.026 | AQ30: 0.027 | AR30: 0.006 | AS30: 46103 | AT30: 0.031 | AU30: 0.0394 | AV30: 0.0349 | AW30: 0.044 | AX30: 0.05 | AY30: 0.0681 | AZ30: 0.0333 | BA30: =AZ30-AR30 -> 0.0273 | BC30: 46103 | BD30: 0.0072 | BE30: 0.0072 | BF30: 0.0072 | BJ30: 0.007 | BK30: 46103 | BL30: 0.0376 | BN30: 0.0548 | BR30: 0.0286 | BS30: =BR30-BJ30 -> 0.0216
A31: 46104 | B31: N/A | C31: N/A | D31: P2P | E31: N/A | F31: P2P | G31: N/A | H31: 0.0074 | I31: 46104 | J31: N/A | K31: N/A | L31: P2P | M31: N/A | N31: P2P | O31: P2P | P31: 0.0288 | Q31: =P31-H31 -> 0.0214 | S31: 46104 | T31: N/A | U31: N/A | V31: N/A | W31: N/A | X31: 0.035 | Y31: N/A | Z31: 0.0111 | AA31: 46104 | AB31: N/A | AC31: N/A | AD31: N/A | AE31: N/A | AF31: N/A | AG31: N/A | AH31: 0.025 | AI31: =AH31-Z31 -> 0.0139 | AK31: 46104 | AL31: 0.025 | AP31: 0.026 | AQ31: 0.027 | AR31: 0.006 | AS31: 46104 | AT31: 0.03 | AU31: 0.035 | AV31: 0.035 | AW31: 0.044 | AX31: 0.0575 | AY31: 0.0684 | AZ31: 0.0333 | BA31: =AZ31-AR31 -> 0.0273 | BC31: 46104 | BD31: 0.0071 | BE31: 0.0072 | BF31: 0.0076 | BJ31: 0.0074 | BK31: 46104 | BL31: 0.0376 | BN31: 0.0548 | BR31: 0.0301 | BS31: =BR31-BJ31 -> 0.0227
A32: 46105 | B32: N/A | C32: N/A | D32: P2P | E32: N/A | F32: P2P | G32: N/A | H32: 0.0076 | I32: 46105 | J32: N/A | K32: N/A | L32: P2P | M32: N/A | N32: P2P | O32: P2P | P32: 0.0292 | Q32: =P32-H32 -> 0.0216 | S32: 46105 | T32: N/A | U32: N/A | V32: N/A | W32: N/A | X32: 0.035 | Y32: N/A | Z32: 0.011 | AA32: 46105 | AB32: N/A | AC32: N/A | AD32: N/A | AE32: N/A | AF32: N/A | AG32: N/A | AH32: 0.025 | AI32: =AH32-Z32 -> 0.014 | AK32: 46105 | AL32: 0.02 | AP32: 0.026 | AQ32: 0.027 | AR32: 0.006 | AS32: 46105 | AT32: 0.03 | AU32: 0.035 | AV32: 0.0349 | AW32: 0.0429 | AX32: 0.06 | AY32: 0.0687 | AZ32: 0.0333 | BA32: =AZ32-AR32 -> 0.0273 | BC32: 46105 | BD32: 0.0071 | BE32: 0.0072 | BF32: 0.0074 | BJ32: 0.0072 | BK32: 46105 | BL32: 0.0376 | BN32: 0.0548 | BR32: 0.0297 | BS32: =BR32-BJ32 -> 0.0225
A33: 46106 | B33: N/A | C33: N/A | D33: P2P | E33: N/A | F33: P2P | G33: N/A | H33: 0.0074 | I33: 46106 | J33: N/A | K33: N/A | L33: P2P | M33: N/A | N33: P2P | O33: P2P | P33: 0.0288 | Q33: =P33-H33 -> 0.0214 | S33: 46106 | T33: N/A | U33: N/A | V33: N/A | W33: N/A | X33: 0.035 | Y33: N/A | Z33: 0.0111 | AA33: 46106 | AB33: N/A | AC33: N/A | AD33: N/A | AE33: N/A | AF33: N/A | AG33: N/A | AH33: 0.025 | AI33: =AH33-Z33 -> 0.0139 | AK33: 46106 | AL33: 0.02 | AP33: 0.026 | AQ33: 0.027 | AR33: 0.006 | AS33: 46106 | AT33: 0.03 | AU33: 0.033 | AV33: 0.028 | AW33: 0.0429 | AX33: 0.0656 | AY33: 0.043 | AZ33: 0.0333 | BA33: =AZ33-AR33 -> 0.0273 | BC33: 46106 | BD33: 0.0071 | BE33: 0.0072 | BF33: 0.0075 | BJ33: 0.0073 | BK33: 46106 | BL33: 0.0376 | BN33: 0.0548 | BR33: 0.0299 | BS33: =BR33-BJ33 -> 0.0226
A34: 46107 | B34: N/A | C34: N/A | D34: P2P | E34: N/A | F34: P2P | G34: N/A | H34: 0.0078 | I34: 46107 | J34: N/A | K34: N/A | L34: P2P | M34: N/A | N34: P2P | O34: P2P | P34: 0.0298 | Q34: =P34-H34 -> 0.022 | S34: 46107 | T34: N/A | U34: N/A | V34: N/A | W34: N/A | X34: 0.03 | Y34: N/A | Z34: 0.0111 | AA34: 46107 | AB34: N/A | AC34: N/A | AD34: N/A | AE34: N/A | AF34: N/A | AG34: N/A | AH34: 0.025 | AI34: =AH34-Z34 -> 0.0139 | AK34: 46107 | AL34: 0.02 | AP34: 0.026 | AQ34: 0.027 | AR34: 0.006 | AS34: 46107 | AT34: 0.03 | AU34: 0.032 | AV34: 0.042 | AW34: 0.0438 | AX34: 0.0649 | AY34: 0.048 | AZ34: 0.0332 | BA34: =AZ34-AR34 -> 0.0272 | BC34: 46107 | BD34: 0.0071 | BE34: 0.0072 | BF34: 0.0075 | BJ34: 0.0074 | BK34: 46107 | BL34: 0.0376 | BN34: 0.0548 | BR34: 0.0302 | BS34: =BR34-BJ34 -> 0.0228
A35: 46108 | B35: N/A | C35: N/A | D35: P2P | E35: N/A | F35: P2P | G35: N/A | H35: 0.0079 | I35: 46108 | J35: N/A | K35: N/A | L35: P2P | M35: N/A | N35: P2P | O35: P2P | P35: 0.0299 | Q35: =P35-H35 -> 0.022 | S35: 46108 | T35: N/A | U35: N/A | V35: N/A | W35: N/A | X35: 0.03 | Y35: N/A | Z35: 0.0117 | AA35: 46108 | AB35: N/A | AC35: N/A | AD35: N/A | AE35: N/A | AF35: N/A | AG35: N/A | AH35: 0.025 | AI35: =AH35-Z35 -> 0.0133 | AK35: 46108 | AL35: 0.02 | AP35: 0.026 | AQ35: 0.027 | AR35: 0.006 | AS35: 46108 | AT35: 0.03 | AU35: 0.033 | AV35: 0.0349 | AW35: 0.044 | AX35: 0.0565 | AY35: 0.0688 | AZ35: 0.0338 | BA35: =AZ35-AR35 -> 0.0278 | BC35: 46108 | BD35: 0.0071 | BE35: 0.0072 | BF35: 0.0075 | BJ35: 0.0075 | BK35: 46108 | BL35: 0.0376 | BN35: 0.0548 | BR35: 0.0302 | BS35: =BR35-BJ35 -> 0.0227
A36: 46109 | B36: N/A | C36: N/A | D36: P2P | E36: N/A | F36: P2P | G36: N/A | H36: 0.0079 | I36: 46109 | J36: N/A | K36: N/A | L36: P2P | M36: N/A | N36: P2P | O36: P2P | P36: 0.0298 | Q36: =P36-H36 -> 0.0219 | S36: 46109 | T36: N/A | U36: N/A | V36: N/A | W36: N/A | X36: 0.03 | Y36: N/A | Z36: 0.0108 | AA36: 46109 | AB36: N/A | AC36: N/A | AD36: N/A | AE36: N/A | AF36: N/A | AG36: N/A | AH36: 0.025 | AI36: =AH36-Z36 -> 0.0142 | AK36: 46109 | AL36: 0.02 | AP36: N/A | AQ36: 0.027 | AR36: 0.006 | AS36: 46109 | AT36: 0.03 | AU36: 0.033 | AV36: 0.026 | AW36: 0.044 | AX36: 0.0261 | AY36: 0.0251 | AZ36: 0.0339 | BA36: =AZ36-AR36 -> 0.0279 | BC36: 46109 | BD36: 0.0071 | BE36: 0.0072 | BF36: 0.0075 | BJ36: 0.0073 | BK36: 46109 | BL36: 0.0376 | BN36: 0.0548 | BR36: 0.0298 | BS36: =BR36-BJ36 -> 0.0225
A37: 46110 | B37: N/A | C37: N/A | D37: P2P | E37: N/A | F37: P2P | G37: N/A | H37: 0.0076 | I37: 46110 | J37: N/A | K37: N/A | L37: P2P | M37: N/A | N37: P2P | O37: P2P | P37: 0.0299 | Q37: =P37-H37 -> 0.0223 | S37: 46110 | T37: N/A | U37: N/A | V37: N/A | W37: N/A | X37: 0.03 | Y37: N/A | Z37: 0.0107 | AA37: 46110 | AB37: N/A | AC37: N/A | AD37: N/A | AE37: N/A | AF37: N/A | AG37: N/A | AH37: 0.025 | AI37: =AH37-Z37 -> 0.0143 | AK37: 46110 | AL37: N/A | AP37: N/A | AQ37: 0.027 | AR37: 0.006 | AS37: 46110 | AT37: 0.03 | AU37: 0.033 | AV37: 0.032 | AW37: 0.044 | AX37: 0.056 | AY37: 0.06 | AZ37: 0.033 | BA37: =AZ37-AR37 -> 0.027 | BC37: 46110 | BD37: 0.0071 | BE37: 0.0072 | BF37: 0.0074 | BJ37: 0.0071 | BK37: 46110 | BL37: 0.0376 | BN37: 0.0548 | BR37: 0.0297 | BS37: =BR37-BJ37 -> 0.0226
A38: 46111 | B38: N/A | C38: N/A | D38: P2P | E38: N/A | F38: P2P | G38: N/A | H38: 0.0079 | I38: 46111 | J38: N/A | K38: N/A | L38: P2P | M38: N/A | N38: P2P | O38: P2P | P38: 0.0298 | Q38: =P38-H38 -> 0.0219 | S38: 46111 | T38: N/A | U38: N/A | V38: N/A | W38: N/A | X38: 0.03 | Y38: N/A | Z38: 0.0113 | AA38: 46111 | AB38: N/A | AC38: N/A | AD38: N/A | AE38: N/A | AF38: N/A | AG38: N/A | AH38: 0.025 | AI38: =AH38-Z38 -> 0.0137 | AK38: 46111 | AL38: N/A | AP38: N/A | AQ38: 0.027 | AR38: 0.006 | AS38: 46111 | AT38: 0.03 | AU38: 0.0327 | AV38: 0.0399 | AW38: 0.0439 | AX38: 0.0649 | AY38: 0.0687 | AZ38: 0.0334 | BA38: =AZ38-AR38 -> 0.0274 | BC38: 46111 | BD38: 0.0071 | BE38: 0.0071 | BF38: 0.0074 | BJ38: 0.0073 | BK38: 46111 | BL38: 0.0376 | BN38: 0.0548 | BR38: 0.0297 | BS38: =BR38-BJ38 -> 0.0224
A39: 46112 | B39: N/A | C39: N/A | D39: P2P | E39: N/A | F39: P2P | G39: N/A | H39: 0.0083 | I39: 46112 | J39: N/A | K39: N/A | L39: P2P | M39: N/A | N39: P2P | O39: P2P | P39: 0.0305 | Q39: =P39-H39 -> 0.0222 | S39: 46112 | T39: N/A | U39: N/A | V39: N/A | W39: N/A | X39: 0.03 | Y39: N/A | Z39: 0.0102 | AA39: 46112 | AB39: N/A | AC39: N/A | AD39: N/A | AE39: N/A | AF39: N/A | AG39: N/A | AH39: 0.025 | AI39: =AH39-Z39 -> 0.0148 | AK39: 46112 | AL39: N/A | AP39: N/A | AQ39: 0.027 | AR39: 0.006 | AS39: 46112 | AT39: 0.0253 | AU39: 0.032 | AV39: 0.04 | AW39: 0.0315 | AX39: 0.0649 | AY39: 0.0684 | AZ39: 0.0341 | BA39: =AZ39-AR39 -> 0.0281 | BC39: 46112 | BD39: 0.0071 | BE39: 0.0071 | BF39: 0.0074 | BJ39: 0.0084 | BK39: 46112 | BL39: 0.0376 | BN39: 0.0548 | BR39: 0.0311 | BS39: =BR39-BJ39 -> 0.0227
A40: 46113 | B40: N/A | C40: N/A | D40: P2P | E40: N/A | F40: P2P | G40: N/A | H40: 0.0083 | I40: 46113 | J40: N/A | K40: N/A | L40: P2P | M40: N/A | N40: P2P | O40: P2P | P40: 0.0305 | Q40: =P40-H40 -> 0.0222 | S40: 46113 | T40: N/A | U40: N/A | V40: N/A | W40: N/A | X40: 0.03 | Y40: N/A | Z40: 0.0105 | AA40: 46113 | AB40: N/A | AC40: N/A | AD40: N/A | AE40: N/A | AF40: N/A | AG40: N/A | AH40: 0.025 | AI40: =AH40-Z40 -> 0.0145 | AK40: 46113 | AL40: 0.02 | AP40: N/A | AQ40: 0.0265 | AR40: 0.006 | AS40: 46113 | AT40: 0.043 | AU40: 0.0326 | AV40: 0.04 | AW40: 0.0438 | AX40: 0.0599 | AY40: 0.0669 | AZ40: 0.0339 | BA40: =AZ40-AR40 -> 0.0279 | BC40: 46113 | BD40: 0.0072 | BE40: 0.0072 | BF40: 0.0074 | BJ40: 0.0083 | BK40: 46113 | BL40: 0.0376 | BN40: 0.0548 | BR40: 0.0306 | BS40: =BR40-BJ40 -> 0.0223
A41: 46114 | B41: N/A | C41: N/A | D41: P2P | E41: N/A | F41: P2P | G41: N/A | H41: 0.0083 | I41: 46114 | J41: N/A | K41: N/A | L41: P2P | M41: N/A | N41: P2P | O41: P2P | P41: 0.0308 | Q41: =P41-H41 -> 0.0225 | S41: 46114 | T41: N/A | U41: N/A | V41: N/A | W41: N/A | X41: 0.03 | Y41: N/A | Z41: 0.0105 | AA41: 46114 | AB41: N/A | AC41: N/A | AD41: N/A | AE41: N/A | AF41: N/A | AG41: N/A | AH41: 0.025 | AI41: =AH41-Z41 -> 0.0145 | AK41: 46114 | AL41: 0.02 | AP41: N/A | AQ41: 0.0265 | AR41: 0.006 | AS41: 46114 | AT41: 0.04 | AU41: 0.033 | AV41: 0.041 | AW41: 0.0438 | AX41: 0.0599 | AY41: 0.066 | AZ41: 0.033 | BA41: =AZ41-AR41 -> 0.027 | BC41: 46114 | BD41: 0.0084 | BE41: 0.0085 | BF41: 0.0087 | BJ41: 0.0084 | BK41: 46114 | BL41: 0.0381 | BN41: 0.0548 | BR41: 0.031 | BS41: =BR41-BJ41 -> 0.0226
A42: 46115 | B42: N/A | C42: N/A | D42: P2P | E42: N/A | F42: P2P | G42: N/A | H42: 0.0085 | I42: 46115 | J42: N/A | K42: N/A | L42: P2P | M42: N/A | N42: P2P | O42: P2P | P42: 0.0309 | Q42: =P42-H42 -> 0.0224 | S42: 46115 | T42: N/A | U42: N/A | V42: N/A | W42: N/A | X42: 0.03 | Y42: N/A | Z42: 0.0106 | AA42: 46115 | AB42: N/A | AC42: N/A | AD42: N/A | AE42: N/A | AF42: N/A | AG42: N/A | AH42: 0.025 | AI42: =AH42-Z42 -> 0.0144 | AK42: 46115 | AL42: 0.02 | AP42: N/A | AQ42: 0.0265 | AR42: 0.006 | AS42: 46115 | AT42: 0.031 | AU42: 0.0349 | AV42: 0.042 | AW42: 0.0438 | AX42: 0.0597 | AY42: 0.0639 | AZ42: 0.031 | BA42: =AZ42-AR42 -> 0.025 | BC42: 46115 | BD42: 0.0084 | BE42: 0.0085 | BF42: 0.0087 | BJ42: 0.0085 | BK42: 46115 | BL42: 0.0381 | BN42: 0.0548 | BR42: 0.0318 | BS42: =BR42-BJ42 -> 0.0233
A43: 46116 | B43: N/A | C43: N/A | D43: P2P | E43: N/A | F43: P2P | G43: N/A | H43: 0.0085 | I43: 46116 | J43: N/A | K43: N/A | L43: P2P | M43: N/A | N43: P2P | O43: P2P | P43: 0.031 | Q43: =P43-H43 -> 0.0225 | S43: 46116 | T43: N/A | U43: N/A | V43: N/A | W43: N/A | X43: 0.03 | Y43: N/A | Z43: 0.0106 | AA43: 46116 | AB43: N/A | AC43: N/A | AD43: N/A | AE43: N/A | AF43: N/A | AG43: N/A | AH43: 0.025 | AI43: =AH43-Z43 -> 0.0144 | AK43: 46116 | AL43: 0.02 | AP43: N/A | AQ43: 0.025 | AR43: 0.006 | AS43: 46116 | AT43: 0.031 | AU43: 0.03 | AV43: 0.044 | AW43: 0.057 | AX43: 0.0597 | AY43: 0.0649 | AZ43: 0.0342 | BA43: =AZ43-AR43 -> 0.0282 | BC43: 46116 | BD43: 0.0084 | BE43: 0.0085 | BF43: 0.0087 | BJ43: 0.008 | BK43: 46116 | BL43: 0.0376 | BN43: 0.0548 | BR43: 0.0308 | BS43: =BR43-BJ43 -> 0.0228
A44: 46117 | B44: N/A | C44: N/A | D44: P2P | E44: N/A | F44: P2P | G44: N/A | H44: 0.0085 | I44: 46117 | J44: N/A | K44: N/A | L44: P2P | M44: N/A | N44: P2P | O44: P2P | P44: 0.031 | Q44: =P44-H44 -> 0.0225 | S44: 46117 | T44: N/A | U44: N/A | V44: N/A | W44: N/A | X44: 0.03 | Y44: N/A | Z44: 0.0106 | AA44: 46117 | AB44: N/A | AC44: N/A | AD44: N/A | AE44: N/A | AF44: N/A | AG44: N/A | AH44: 0.025 | AI44: =AH44-Z44 -> 0.0144 | AK44: 46117 | AL44: 0.02 | AP44: N/A | AQ44: 0.025 | AR44: 0.006 | AS44: 46117 | AT44: 0.031 | AU44: 0.03 | AV44: 0.044 | AW44: 0.057 | AX44: 0.0597 | AY44: 0.0649 | AZ44: 0.0342 | BA44: =AZ44-AR44 -> 0.0282 | BC44: 46117 | BD44: 0.0084 | BE44: 0.0085 | BF44: 0.0087 | BJ44: 0.0079 | BK44: 46117 | BL44: 0.0376 | BN44: 0.0548 | BR44: 0.0308 | BS44: =BR44-BJ44 -> 0.0229
A45: 46118 | B45: N/A | C45: N/A | D45: P2P | E45: N/A | F45: P2P | G45: N/A | H45: 0.0085 | I45: 46118 | J45: N/A | K45: N/A | L45: P2P | M45: N/A | N45: P2P | O45: P2P | P45: 0.031 | Q45: =P45-H45 -> 0.0225 | S45: 46118 | T45: N/A | U45: N/A | V45: N/A | W45: N/A | X45: 0.03 | Y45: N/A | Z45: 0.0106 | AA45: 46118 | AB45: N/A | AC45: N/A | AD45: N/A | AE45: N/A | AF45: N/A | AG45: N/A | AH45: 0.025 | AI45: =AH45-Z45 -> 0.0144 | AK45: 46118 | AL45: 0.02 | AP45: N/A | AQ45: 0.025 | AR45: 0.006 | AS45: 46118 | AT45: 0.031 | AU45: 0.03 | AV45: 0.044 | AW45: 0.057 | AX45: 0.0597 | AY45: 0.0649 | AZ45: 0.0342 | BA45: =AZ45-AR45 -> 0.0282 | BC45: 46118 | BD45: 0.0084 | BE45: 0.0085 | BF45: 0.0087 | BJ45: 0.0082 | BK45: 46118 | BL45: 0.0376 | BN45: 0.0548 | BR45: 0.0308 | BS45: =BR45-BJ45 -> 0.0226
A46: 46119 | B46: N/A | C46: N/A | D46: P2P | E46: N/A | F46: P2P | G46: N/A | H46: 0.0087 | I46: 46119 | J46: N/A | K46: N/A | L46: P2P | M46: N/A | N46: P2P | O46: P2P | P46: 0.0312 | Q46: =P46-H46 -> 0.0225 | S46: 46119 | T46: N/A | U46: N/A | V46: N/A | W46: N/A | X46: 0.03 | Y46: N/A | Z46: 0.0108 | AA46: 46119 | AB46: N/A | AC46: N/A | AD46: N/A | AE46: N/A | AF46: N/A | AG46: N/A | AH46: 0.025 | AI46: =AH46-Z46 -> 0.0142 | AK46: 46119 | AL46: 0.02 | AP46: N/A | AQ46: 0.025 | AR46: 0.006 | AS46: 46119 | AT46: 0.0339 | AU46: 0.034 | AV46: 0.0439 | AW46: 0.04 | AX46: 0.05 | AY46: 0.0648 | AZ46: 0.0353 | BA46: =AZ46-AR46 -> 0.0293 | BC46: 46119 | BD46: 0.0084 | BE46: 0.0085 | BF46: 0.0087 | BJ46: 0.0085 | BK46: 46119 | BL46: 0.0386 | BN46: 0.0548 | BR46: 0.0322 | BS46: =BR46-BJ46 -> 0.0237
A47: 46120 | B47: N/A | C47: N/A | D47: P2P | E47: N/A | F47: P2P | G47: N/A | H47: 0.01 | I47: 46120 | J47: N/A | K47: N/A | L47: P2P | M47: N/A | N47: P2P | O47: P2P | P47: 0.0336 | Q47: =P47-H47 -> 0.0236 | S47: 46120 | T47: N/A | U47: N/A | V47: N/A | W47: N/A | X47: 0.03 | Y47: N/A | Z47: 0.0116 | AA47: 46120 | AB47: N/A | AC47: N/A | AD47: N/A | AE47: N/A | AF47: N/A | AG47: N/A | AH47: 0.025 | AI47: =AH47-Z47 -> 0.0134 | AK47: 46120 | AL47: 0.02 | AP47: N/A | AQ47: 0.025 | AR47: 0.0072 | AS47: 46120 | AT47: 0.0339 | AU47: 0.0349 | AV47: 0.0439 | AW47: 0.044 | AX47: 0.065 | AY47: 0.065 | AZ47: 0.0368 | BA47: =AZ47-AR47 -> 0.0296 | BC47: 46120 | BD47: 0.0084 | BE47: 0.0085 | BF47: 0.0087 | BJ47: 0.0089 | BK47: 46120 | BL47: 0.0402 | BN47: 0.0548 | BR47: 0.0336 | BS47: =BR47-BJ47 -> 0.0247
A48: 46121 | B48: N/A | C48: N/A | D48: P2P | E48: N/A | F48: P2P | G48: N/A | H48: 0.0081 | I48: 46121 | J48: N/A | K48: N/A | L48: P2P | M48: N/A | N48: P2P | O48: P2P | P48: 0.0276 | Q48: =P48-H48 -> 0.0195 | S48: 46121 | T48: N/A | U48: N/A | V48: N/A | W48: N/A | X48: 0.03 | Y48: N/A | Z48: 0.0118 | AA48: 46121 | AB48: N/A | AC48: N/A | AD48: N/A | AE48: N/A | AF48: N/A | AG48: N/A | AH48: 0.025 | AI48: =AH48-Z48 -> 0.0132 | AK48: 46121 | AL48: 0.02 | AP48: N/A | AQ48: 0.025 | AR48: 0.0067 | AS48: 46121 | AT48: 0.03 | AU48: 0.03 | AV48: 0.0439 | AW48: 0.0425 | AX48: 0.0525 | AY48: 0.0659 | AZ48: 0.0329 | BA48: =AZ48-AR48 -> 0.0262 | BC48: 46121 | BD48: 0.0084 | BE48: 0.0085 | BF48: 0.0087 | BJ48: 0.0073 | BK48: 46121 | BL48: 0.0375 | BN48: 0.0548 | BR48: 0.0281 | BS48: =BR48-BJ48 -> 0.0208
A49: 46122 | B49: N/A | C49: N/A | D49: P2P | E49: N/A | F49: P2P | G49: N/A | H49: 0.0077 | I49: 46122 | J49: N/A | K49: N/A | L49: P2P | M49: N/A | N49: P2P | O49: P2P | P49: 0.0268 | Q49: =P49-H49 -> 0.0191 | S49: 46122 | T49: N/A | U49: N/A | V49: N/A | W49: N/A | X49: 0.03 | Y49: N/A | Z49: 0.0118 | AA49: 46122 | AB49: N/A | AC49: N/A | AD49: N/A | AE49: N/A | AF49: N/A | AG49: N/A | AH49: 0.025 | AI49: =AH49-Z49 -> 0.0132 | AK49: 46122 | AL49: 0.02 | AP49: N/A | AQ49: 0.025 | AR49: 0.0069 | AS49: 46122 | AT49: 0.03 | AU49: 0.0349 | AV49: 0.044 | AW49: 0.0439 | AX49: 0.0639 | AY49: 0.0649 | AZ49: 0.0329 | BA49: =AZ49-AR49 -> 0.026 | BC49: 46122 | BD49: 0.0084 | BE49: 0.0085 | BF49: 0.0087 | BJ49: 0.0073 | BK49: 46122 | BL49: 0.037 | BN49: 0.0548 | BR49: 0.0279 | BS49: =BR49-BJ49 -> 0.0206
A50: 46123 | B50: N/A | C50: N/A | D50: P2P | E50: N/A | F50: P2P | G50: N/A | H50: 0.0074 | I50: 46123 | J50: N/A | K50: N/A | L50: P2P | M50: N/A | N50: P2P | O50: P2P | P50: 0.0264 | Q50: =P50-H50 -> 0.019 | S50: 46123 | T50: N/A | U50: N/A | V50: N/A | W50: N/A | X50: 0.03 | Y50: N/A | Z50: 0.0118 | AA50: 46123 | AB50: N/A | AC50: N/A | AD50: N/A | AE50: N/A | AF50: N/A | AG50: N/A | AH50: 0.025 | AI50: =AH50-Z50 -> 0.0132 | AK50: 46123 | AL50: 0.02 | AP50: N/A | AQ50: 0.025 | AR50: 0.0066 | AS50: 46123 | AT50: 0.0299 | AU50: 0.0344 | AV50: 0.0349 | AW50: 0.0438 | AX50: 0.05 | AY50: 0.055 | AZ50: 0.0328 | BA50: =AZ50-AR50 -> 0.0262 | BC50: 46123 | BD50: 0.0084 | BE50: 0.0085 | BF50: 0.0087 | BJ50: 0.0074 | BK50: 46123 | BL50: 0.0357 | BN50: 0.0548 | BR50: 0.0282 | BS50: =BR50-BJ50 -> 0.0208
A51: 46124 | B51: N/A | C51: N/A | D51: P2P | E51: N/A | F51: P2P | G51: N/A | H51: 0.0075 | I51: 46124 | J51: N/A | K51: N/A | L51: P2P | M51: N/A | N51: P2P | O51: P2P | P51: 0.0265 | Q51: =P51-H51 -> 0.019 | S51: 46124 | T51: N/A | U51: N/A | V51: N/A | W51: N/A | X51: 0.03 | Y51: N/A | Z51: 0.0117 | AA51: 46124 | AB51: N/A | AC51: N/A | AD51: N/A | AE51: N/A | AF51: N/A | AG51: N/A | AH51: 0.025 | AI51: =AH51-Z51 -> 0.0133 | AK51: 46124 | AL51: 0.02 | AP51: N/A | AQ51: 0.025 | AR51: 0.0064 | AS51: 46124 | AT51: 0.0299 | AU51: 0.0344 | AV51: 0.0349 | AW51: 0.0439 | AX51: 0.05 | AY51: 0.055 | AZ51: 0.0329 | BA51: =AZ51-AR51 -> 0.0265 | BC51: 46124 | BD51: 0.0084 | BE51: 0.0085 | BF51: 0.0087 | BJ51: 0.0071 | BK51: 46124 | BL51: 0.0357 | BN51: 0.0548 | BR51: 0.027 | BS51: =BR51-BJ51 -> 0.0199
... A63: 46136 | B63: N/A | C63: N/A | D63: P2P | E63: N/A | F63: P2P | G63: N/A | H63: 0.008 | I63: 46136 | J63: N/A | K63: N/A | L63: P2P | M63: N/A | N63: P2P | O63: P2P | P63: 0.0273 | Q63: =P63-H63 -> 0.0193 | S63: 46136 | T63: N/A | U63: N/A | V63: N/A | W63: N/A | X63: 0.035 | Y63: N/A | Z63: 0.0125 | AA63: 46136 | AB63: N/A | AC63: N/A | AD63: N/A | AE63: N/A | AF63: N/A | AG63: N/A | AH63: 0.025 | AI63: =AH63-Z63 -> 0.0125 | AK63: 46136 | AL63: 0.02 | AP63: N/A | AQ63: 0.025 | AR63: 0.007 | AS63: 46136 | AT63: 0.03 | AU63: 0.0309 | AV63: 0.041 | AW63: 0.028 | AX63: 0.0587 | AY63: 0.06 | AZ63: 0.0329 | BA63: =AZ63-AR63 -> 0.0259 | BC63: 46136 | BD63: 0.0084 | BE63: 0.0085 | BF63: 0.0087 | BJ63: 0.0076 | BK63: 46136 | BL63: 0.0349 | BN63: 0.0551 | BR63: 0.0272 | BS63: =BR63-BJ63 -> 0.0196
A64: 46137 | B64: N/A | C64: N/A | D64: P2P | E64: N/A | F64: P2P | G64: N/A | H64: 0.0082 | I64: 46137 | J64: N/A | K64: N/A | L64: P2P | M64: N/A | N64: P2P | O64: P2P | P64: 0.0277 | Q64: =P64-H64 -> 0.0195 | S64: 46137 | T64: N/A | U64: N/A | V64: N/A | W64: N/A | X64: 0.035 | Y64: N/A | Z64: 0.0123 | AA64: 46137 | AB64: N/A | AC64: N/A | AD64: N/A | AE64: N/A | AF64: N/A | AG64: N/A | AH64: 0.025 | AI64: =AH64-Z64 -> 0.0127 | AK64: 46137 | AL64: 0.02 | AP64: N/A | AQ64: N/A | AR64: 0.0067 | AS64: 46137 | AT64: 0.03 | AU64: 0.0309 | AV64: 0.041 | AW64: 0.028 | AX64: 0.0587 | AY64: 0.06 | AZ64: 0.0329 | BA64: =AZ64-AR64 -> 0.0262 | BC64: 46137 | BD64: 0.0084 | BE64: 0.0085 | BF64: 0.0087 | BJ64: 0.0078 | BK64: 46137 | BL64: 0.0349 | BN64: 0.0551 | BR64: 0.0279 | BS64: =BR64-BJ64 -> 0.0201
A65: 46138 | B65: N/A | C65: N/A | D65: P2P | E65: N/A | F65: P2P | G65: N/A | H65: 0.0082 | I65: 46138 | J65: N/A | K65: N/A | L65: P2P | M65: N/A | N65: P2P | O65: P2P | P65: 0.0277 | Q65: =P65-H65 -> 0.0195 | S65: 46138 | T65: N/A | U65: N/A | V65: N/A | W65: N/A | X65: 0.035 | Y65: N/A | Z65: 0.0122 | AA65: 46138 | AB65: N/A | AC65: N/A | AD65: N/A | AE65: N/A | AF65: N/A | AG65: N/A | AH65: 0.025 | AI65: =AH65-Z65 -> 0.0128 | AK65: 46138 | AL65: 0.02 | AP65: N/A | AQ65: N/A | AR65: 0.0067 | AS65: 46138 | AT65: 0.03 | AU65: 0.0309 | AV65: 0.041 | AW65: 0.028 | AX65: 0.0587 | AY65: 0.06 | AZ65: 0.0329 | BA65: =AZ65-AR65 -> 0.0262 | BC65: 46138 | BD65: 0.0084 | BE65: 0.0085 | BF65: 0.0087 | BJ65: 0.0078 | BK65: 46138 | BL65: 0.0349 | BN65: 0.0551 | BR65: 0.0281 | BS65: =BR65-BJ65 -> 0.0203
A66: 46139 | B66: N/A | C66: N/A | D66: P2P | E66: N/A | F66: P2P | G66: N/A | H66: 0.0083 | I66: 46139 | J66: N/A | K66: N/A | L66: P2P | M66: N/A | N66: P2P | O66: P2P | P66: 0.0278 | Q66: =P66-H66 -> 0.0195 | S66: 46139 | T66: N/A | U66: N/A | V66: N/A | W66: N/A | X66: 0.035 | Y66: N/A | Z66: 0.0122 | AA66: 46139 | AB66: N/A | AC66: N/A | AD66: N/A | AE66: N/A | AF66: N/A | AG66: N/A | AH66: 0.025 | AI66: =AH66-Z66 -> 0.0128 | AK66: 46139 | AL66: 0.02 | AP66: N/A | AQ66: N/A | AR66: 0.007 | AS66: 46139 | AT66: 0.03 | AU66: 0.0309 | AV66: 0.041 | AW66: 0.028 | AX66: 0.0587 | AY66: 0.06 | AZ66: 0.0329 | BA66: =AZ66-AR66 -> 0.0259 | BC66: 46139 | BD66: 0.0084 | BE66: 0.0085 | BF66: 0.0087 | BJ66: 0.008 | BK66: 46139 | BL66: 0.0349 | BN66: 0.0551 | BR66: 0.0284 | BS66: =BR66-BJ66 -> 0.0204
A67: 46140 | B67: N/A | C67: N/A | D67: P2P | E67: N/A | F67: P2P | G67: N/A | H67: 0.0084 | I67: 46140 | J67: N/A | K67: N/A | L67: P2P | M67: N/A | N67: P2P | O67: P2P | P67: 0.0279 | Q67: =P67-H67 -> 0.0195 | S67: 46140 | T67: N/A | U67: N/A | V67: N/A | W67: N/A | X67: 0.035 | Y67: N/A | Z67: 0.0122 | AA67: 46140 | AB67: N/A | AC67: N/A | AD67: N/A | AE67: N/A | AF67: N/A | AG67: N/A | AH67: 0.025 | AI67: =AH67-Z67 -> 0.0128 | AK67: 46140 | AL67: 0.02 | AP67: N/A | AQ67: N/A | AR67: 0.0065 | AS67: 46140 | AT67: 0.0294 | AU67: 0.0275 | AV67: 0.0325 | AW67: 0.0499 | AX67: 0.0594 | AY67: 0.034 | AZ67: 0.0329 | BA67: =AZ67-AR67 -> 0.0264 | BC67: 46140 | BD67: 0.0084 | BE67: 0.0085 | BF67: 0.0087 | BJ67: 0.0082 | BK67: 46140 | BL67: 0.0349 | BN67: 0.0551 | BR67: 0.0286 | BS67: =BR67-BJ67 -> 0.0204
A68: 46141 | B68: N/A | C68: N/A | D68: P2P | E68: N/A | F68: P2P | G68: N/A | H68: 0.0096 | I68: 46141 | J68: N/A | K68: N/A | L68: P2P | M68: N/A | N68: P2P | O68: P2P | P68: 0.0299 | Q68: =P68-H68 -> 0.0203 | S68: 46141 | T68: N/A | U68: N/A | V68: N/A | W68: N/A | X68: 0.035 | Y68: N/A | Z68: 0.0124 | AA68: 46141 | AB68: N/A | AC68: N/A | AD68: N/A | AE68: N/A | AF68: N/A | AG68: N/A | AH68: 0.025 | AI68: =AH68-Z68 -> 0.0126 | AK68: 46141 | AL68: 0.02 | AP68: N/A | AQ68: N/A | AR68: 0.0075 | AS68: 46141 | AT68: 0.027 | AU68: 0.0274 | AV68: 0.0305 | AW68: 0.0444 | AX68: 0.0578 | AY68: 0.055 | AZ68: 0.0329 | BA68: =AZ68-AR68 -> 0.0254 | BC68: 46141 | BD68: 0.0084 | BE68: 0.0085 | BF68: 0.0087 | BJ68: 0.0086 | BK68: 46141 | BL68: 0.0361 | BN68: 0.0551 | BR68: 0.0302 | BS68: =BR68-BJ68 -> 0.0216
A69: 46142 | B69: N/A | C69: N/A | D69: P2P | E69: N/A | F69: P2P | G69: N/A | H69: 0.0091 | I69: 46142 | J69: N/A | K69: N/A | L69: P2P | M69: N/A | N69: P2P | O69: P2P | P69: 0.0292 | Q69: =P69-H69 -> 0.0201 | S69: 46142 | T69: N/A | U69: N/A | V69: N/A | W69: N/A | X69: 0.035 | Y69: N/A | Z69: 0.0124 | AA69: 46142 | AB69: N/A | AC69: N/A | AD69: N/A | AE69: N/A | AF69: N/A | AG69: N/A | AH69: 0.025 | AI69: =AH69-Z69 -> 0.0126 | AK69: 46142 | AL69: 0.02 | AP69: N/A | AQ69: N/A | AR69: 0.0075 | AS69: 46142 | AT69: 0.0265 | AU69: 0.027 | AV69: 0.0295 | AW69: 0.044 | AX69: 0.0576 | AY69: 0.032 | AZ69: 0.0329 | BA69: =AZ69-AR69 -> 0.0254 | BC69: 46142 | BD69: 0.0084 | BE69: 0.0085 | BF69: 0.0087 | BJ69: 0.0084 | BK69: 46142 | BL69: 0.0354 | BN69: 0.0551 | BR69: 0.0295 | BS69: =BR69-BJ69 -> 0.0211
A70: 46143 | B70: N/A | C70: N/A | D70: P2P | E70: N/A | F70: P2P | G70: N/A | H70: 0.0087 | I70: 46143 | J70: N/A | K70: N/A | L70: P2P | M70: N/A | N70: P2P | O70: P2P | P70: 0.0297 | Q70: =P70-H70 -> 0.021 | S70: 46143 | T70: N/A | U70: N/A | V70: N/A | W70: N/A | X70: 0.035 | Y70: N/A | Z70: 0.0124 | AA70: 46143 | AB70: N/A | AC70: N/A | AD70: N/A | AE70: N/A | AF70: N/A | AG70: N/A | AH70: 0.025 | AI70: =AH70-Z70 -> 0.0126 | AK70: 46143 | AL70: 0.02 | AP70: N/A | AQ70: N/A | AR70: 0.0067 | AS70: 46143 | AT70: 0.0268 | AU70: 0.0274 | AV70: 0.028 | AW70: 0.0439 | AX70: 0.0539 | AY70: 0.05 | AZ70: 0.0329 | BA70: =AZ70-AR70 -> 0.0262 | BC70: 46143 | BD70: 0.0084 | BE70: 0.0085 | BF70: 0.0087 | BJ70: 0.0085 | BK70: 46143 | BL70: 0.0349 | BN70: 0.0551 | BR70: 0.0298 | BS70: =BR70-BJ70 -> 0.0213
A71: 46144 | B71: N/A | C71: N/A | D71: P2P | E71: N/A | F71: P2P | G71: N/A | H71: 0.0081 | I71: 46144 | J71: N/A | K71: N/A | L71: P2P | M71: N/A | N71: P2P | O71: P2P | P71: 0.0283 | Q71: =P71-H71 -> 0.0202 | S71: 46144 | T71: N/A | U71: N/A | V71: N/A | W71: N/A | X71: 0.035 | Y71: N/A | Z71: 0.0125 | AA71: 46144 | AB71: N/A | AC71: N/A | AD71: N/A | AE71: N/A | AF71: N/A | AG71: N/A | AH71: 0.025 | AI71: =AH71-Z71 -> 0.0125 | AK71: 46144 | AL71: 0.02 | AP71: N/A | AQ71: N/A | AR71: 0.0067 | AS71: 46144 | AT71: 0.0268 | AU71: 0.0275 | AV71: 0.028 | AW71: 0.0439 | AX71: 0.0539 | AY71: 0.05 | AZ71: 0.0329 | BA71: =AZ71-AR71 -> 0.0262 | BC71: 46144 | BD71: 0.0084 | BE71: 0.0085 | BF71: 0.0087 | BJ71: 0.0079 | BK71: 46144 | BL71: 0.0349 | BN71: 0.0551 | BR71: 0.0283 | BS71: =BR71-BJ71 -> 0.0204
A72: 46145 | B72: N/A | C72: N/A | D72: P2P | E72: N/A | F72: P2P | G72: N/A | H72: 0.008 | I72: 46145 | J72: N/A | K72: N/A | L72: P2P | M72: N/A | N72: P2P | O72: P2P | P72: 0.0281 | Q72: =P72-H72 -> 0.0201 | S72: 46145 | T72: N/A | U72: N/A | V72: N/A | W72: N/A | X72: 0.035 | Y72: N/A | Z72: 0.0124 | AA72: 46145 | AB72: N/A | AC72: N/A | AD72: N/A | AE72: N/A | AF72: N/A | AG72: N/A | AH72: 0.025 | AI72: =AH72-Z72 -> 0.0126 | AK72: 46145 | AL72: 0.02 | AP72: N/A | AQ72: N/A | AR72: 0.0067 | AS72: 46145 | AT72: 0.0265 | AU72: 0.0275 | AV72: 0.028 | AW72: 0.0439 | AX72: 0.0539 | AY72: 0.05 | AZ72: 0.0329 | BA72: =AZ72-AR72 -> 0.0262 | BC72: 46145 | BD72: 0.0084 | BE72: 0.0085 | BF72: 0.0087 | BJ72: 0.0078 | BK72: 46145 | BL72: 0.0349 | BN72: 0.0551 | BR72: 0.0273 | BS72: =BR72-BJ72 -> 0.0195
A73: 46146 | B73: N/A | C73: N/A | D73: P2P | E73: N/A | F73: P2P | G73: N/A | H73: 0.0088 | I73: 46146 | J73: N/A | K73: N/A | L73: P2P | M73: N/A | N73: P2P | O73: P2P | P73: 0.0286 | Q73: =P73-H73 -> 0.0198 | S73: 46146 | T73: N/A | U73: N/A | V73: N/A | W73: N/A | X73: 0.035 | Y73: N/A | Z73: 0.0127 | AA73: 46146 | AB73: N/A | AC73: N/A | AD73: N/A | AE73: N/A | AF73: N/A | AG73: N/A | AH73: 0.025 | AI73: =AH73-Z73 -> 0.0123 | AK73: 46146 | AL73: 0.02 | AP73: N/A | AQ73: N/A | AR73: 0.0073 | AS73: 46146 | AT73: 0.0268 | AU73: 0.0275 | AV73: 0.028 | AW73: 0.0439 | AX73: 0.0539 | AY73: 0.05 | AZ73: 0.0329 | BA73: =AZ73-AR73 -> 0.0256 | BC73: 46146 | BD73: 0.0084 | BE73: 0.0085 | BF73: 0.0087 | BJ73: 0.008 | BK73: 46146 | BL73: 0.0349 | BN73: 0.0551 | BR73: 0.0281 | BS73: =BR73-BJ73 -> 0.0201
A74: 46147 | B74: N/A | C74: N/A | D74: P2P | E74: N/A | F74: P2P | G74: N/A | H74: 0.0085 | I74: 46147 | J74: N/A | K74: N/A | L74: P2P | M74: N/A | N74: P2P | O74: P2P | P74: 0.0281 | Q74: =P74-H74 -> 0.0196 | S74: 46147 | T74: N/A | U74: N/A | V74: N/A | W74: N/A | X74: 0.035 | Y74: N/A | Z74: 0.0123 | AA74: 46147 | AB74: N/A | AC74: N/A | AD74: N/A | AE74: N/A | AF74: N/A | AG74: N/A | AH74: 0.025 | AI74: =AH74-Z74 -> 0.0127 | AK74: 46147 | AL74: 0.02 | AP74: N/A | AQ74: N/A | AR74: 0.0069 | AS74: 46147 | AT74: 0.025 | AU74: 0.0265 | AV74: 0.0275 | AW74: 0.0439 | AX74: 0.0537 | AY74: 0.05 | AZ74: 0.0329 | BA74: =AZ74-AR74 -> 0.026 | BC74: 46147 | BD74: 0.0084 | BE74: 0.0085 | BF74: 0.0087 | BJ74: 0.0082 | BK74: 46147 | BL74: 0.0349 | BN74: 0.0551 | BR74: 0.0288 | BS74: =BR74-BJ74 -> 0.0206
A75: 46148 | B75: N/A | C75: N/A | D75: P2P | E75: N/A | F75: P2P | G75: N/A | H75: 0.0088 | I75: 46148 | J75: N/A | K75: N/A | L75: P2P | M75: N/A | N75: P2P | O75: P2P | P75: 0.0286 | Q75: =P75-H75 -> 0.0198 | S75: 46148 | T75: N/A | U75: N/A | V75: N/A | W75: N/A | X75: 0.035 | Y75: N/A | Z75: 0.0126 | AA75: 46148 | AB75: N/A | AC75: N/A | AD75: N/A | AE75: N/A | AF75: N/A | AG75: N/A | AH75: 0.025 | AI75: =AH75-Z75 -> 0.0124 | AK75: 46148 | AL75: 0.02 | AP75: N/A | AQ75: N/A | AR75: 0.0071 | AS75: 46148 | AT75: 0.027 | AU75: 0.0275 | AV75: 0.0275 | AW75: 0.0439 | AX75: 0.0519 | AY75: 0.05 | AZ75: 0.0329 | BA75: =AZ75-AR75 -> 0.0258 | BC75: 46148 | BD75: 0.0084 | BE75: 0.0085 | BF75: 0.0087 | BJ75: 0.0082 | BK75: 46148 | BL75: 0.0349 | BN75: 0.0551 | BR75: 0.0289 | BS75: =BR75-BJ75 -> 0.0207
... A80: 46153 | B80: N/A | C80: N/A | D80: P2P | E80: N/A | F80: P2P | G80: N/A | H80: 0.0102 | I80: 46153 | J80: N/A | K80: N/A | L80: P2P | M80: N/A | N80: P2P | O80: P2P | P80: 0.0335 | Q80: =P80-H80 -> 0.0233 | S80: 46153 | T80: N/A | U80: N/A | V80: N/A | W80: N/A | X80: 0.035 | Y80: N/A | Z80: 0.0141 | AA80: 46153 | AB80: N/A | AC80: N/A | AD80: N/A | AE80: N/A | AF80: N/A | AG80: N/A | AH80: 0.025 | AI80: =AH80-Z80 -> 0.0109 | AK80: 46153 | AL80: 0.02 | AP80: N/A | AQ80: N/A | AR80: 0.0111 | AS80: 46153 | AT80: 0.0289 | AU80: 0.0276 | AV80: 0.03 | AW80: 0.04 | AX80: 0.0478 | AY80: 0.0426 | AZ80: 0.0369 | BA80: =AZ80-AR80 -> 0.0258 | BC80: 46153 | BD80: 0.0084 | BE80: 0.0085 | BF80: 0.0087 | BJ80: 0.0111 | BK80: 46153 | BL80: 0.0407 | BN80: 0.0551 | BR80: 0.0339 | BS80: =BR80-BJ80 -> 0.0228
A81: 46154 | B81: N/A | C81: N/A | D81: P2P | E81: N/A | F81: P2P | G81: N/A | H81: 0.0118 | I81: 46154 | J81: N/A | K81: N/A | L81: P2P | M81: N/A | N81: P2P | O81: P2P | P81: 0.0332 | Q81: =P81-H81 -> 0.0214 | S81: 46154 | T81: N/A | U81: N/A | V81: N/A | W81: N/A | X81: 0.035 | Y81: N/A | Z81: 0.0141 | AA81: 46154 | AB81: N/A | AC81: N/A | AD81: N/A | AE81: N/A | AF81: N/A | AG81: N/A | AH81: 0.025 | AI81: =AH81-Z81 -> 0.0109 | AK81: 46154 | AL81: 0.02 | AN81: 0.026 | AP81: N/A | AQ81: N/A | AR81: 0.0103 | AS81: 46154 | AT81: 0.026 | AU81: 0.031 | AV81: 0.04 | AW81: 0.0415 | AX81: 0.041 | AY81: 0.0426 | AZ81: 0.0361 | BA81: =AZ81-AR81 -> 0.0258 | BC81: 46154 | BD81: 0.0113 | BE81: 0.0114 | BF81: 0.0115 | BJ81: 0.0112 | BK81: 46154 | BL81: 0.0404 | BN81: 0.0551 | BR81: 0.0332 | BS81: =BR81-BJ81 -> 0.022
A82: 46155 | B82: N/A | C82: N/A | D82: P2P | E82: N/A | F82: P2P | G82: N/A | H82: 0.0125 | I82: 46155 | J82: N/A | K82: N/A | L82: P2P | M82: N/A | N82: P2P | O82: P2P | P82: 0.0342 | Q82: =P82-H82 -> 0.0217 | S82: 46155 | T82: N/A | U82: N/A | V82: N/A | W82: N/A | X82: 0.035 | Y82: N/A | Z82: 0.0142 | AA82: 46155 | AB82: N/A | AC82: N/A | AD82: N/A | AE82: N/A | AF82: N/A | AG82: N/A | AH82: 0.025 | AI82: =AH82-Z82 -> 0.0108 | AK82: 46155 | AL82: 0.02 | AP82: N/A | AQ82: N/A | AR82: 0.0101 | AS82: 46155 | AT82: 0.0255 | AU82: 0.0275 | AV82: 0.029 | AW82: 0.0395 | AX82: 0.041 | AY82: 0.0426 | AZ82: 0.0373 | BA82: =AZ82-AR82 -> 0.0272 | BC82: 46155 | BD82: 0.009 | BE82: 0.0091 | BF82: 0.0093 | BJ82: 0.0117 | BK82: 46155 | BL82: 0.0414 | BN82: 0.0496 | BR82: 0.0344 | BS82: =BR82-BJ82 -> 0.0227
A83: 46156 | B83: N/A | C83: N/A | D83: P2P | E83: N/A | F83: P2P | G83: N/A | H83: 0.0121 | I83: 46156 | J83: N/A | K83: N/A | L83: P2P | M83: N/A | N83: P2P | O83: P2P | P83: 0.0336 | Q83: =P83-H83 -> 0.0215 | S83: 46156 | T83: N/A | U83: N/A | V83: N/A | W83: N/A | X83: 0.035 | Y83: N/A | Z83: 0.0142 | AA83: 46156 | AB83: N/A | AC83: N/A | AD83: N/A | AE83: N/A | AF83: N/A | AG83: N/A | AH83: 0.025 | AI83: =AH83-Z83 -> 0.0108 | AK83: 46156 | AL83: 0.02 | AM83: 0.0268 | AP83: N/A | AQ83: N/A | AR83: 0.0096 | AS83: 46156 | AT83: 0.025 | AU83: 0.0275 | AV83: 0.0285 | AW83: 0.0415 | AX83: 0.0475 | AY83: 0.0426 | AZ83: 0.037 | BA83: =AZ83-AR83 -> 0.0274 | BC83: 46156 | BD83: 0.0112 | BE83: 0.0114 | BF83: 0.0117 | BJ83: 0.0116 | BK83: 46156 | BL83: 0.041 | BN83: 0.0491 | BR83: 0.0341 | BS83: =BR83-BJ83 -> 0.0225
A84: 46157 | B84: N/A | C84: N/A | D84: P2P | E84: N/A | F84: P2P | G84: N/A | H84: 0.0112 | I84: 46157 | J84: N/A | K84: N/A | L84: P2P | M84: N/A | N84: P2P | O84: P2P | P84: 0.0323 | Q84: =P84-H84 -> 0.0211 | S84: 46157 | T84: N/A | U84: N/A | V84: N/A | W84: N/A | X84: 0.035 | Y84: N/A | Z84: 0.0146 | AA84: 46157 | AB84: N/A | AC84: N/A | AD84: N/A | AE84: N/A | AF84: N/A | AG84: N/A | AH84: 0.025 | AI84: =AH84-Z84 -> 0.0104 | AK84: 46157 | AL84: 0.02 | AP84: N/A | AQ84: N/A | AR84: 0.0109 | AS84: 46157 | AT84: 0.025 | AU84: 0.0268 | AV84: 0.03 | AW84: 0.0415 | AX84: 0.05 | AY84: 0.0475 | AZ84: 0.0358 | BA84: =AZ84-AR84 -> 0.0249 | BC84: 46157 | BD84: 0.0112 | BE84: 0.0114 | BF84: 0.0117 | BJ84: 0.012 | BK84: 46157 | BL84: 0.0416 | BN84: 0.0499 | BR84: 0.0347 | BS84: =BR84-BJ84 -> 0.0227
A85: 46158 | B85: N/A | C85: N/A | D85: P2P | E85: N/A | F85: P2P | G85: N/A | H85: 0.01 | I85: 46158 | J85: N/A | K85: N/A | L85: P2P | M85: N/A | N85: P2P | O85: P2P | P85: 0.0323 | Q85: =P85-H85 -> 0.0223 | S85: 46158 | T85: N/A | U85: N/A | V85: N/A | W85: N/A | X85: 0.035 | Y85: N/A | Z85: 0.0141 | AA85: 46158 | AB85: N/A | AC85: N/A | AD85: N/A | AE85: N/A | AF85: N/A | AG85: N/A | AH85: 0.025 | AI85: =AH85-Z85 -> 0.0109 | AK85: 46158 | AL85: 0.02 | AP85: N/A | AQ85: N/A | AR85: 0.0088 | AS85: 46158 | AT85: 0.025 | AU85: 0.0282 | AV85: 0.0302 | AW85: 0.0415 | AX85: 0.05 | AY85: 0.0475 | AZ85: 0.036 | BA85: =AZ85-AR85 -> 0.0272 | BC85: 46158 | BD85: 0.0112 | BE85: 0.0114 | BF85: 0.0117 | BJ85: 0.0114 | BK85: 46158 | BL85: 0.0416 | BN85: 0.0499 | BR85: 0.0326 | BS85: =BR85-BJ85 -> 0.0212
A86: 46159 | B86: N/A | C86: N/A | D86: P2P | E86: N/A | F86: P2P | G86: N/A | H86: 0.0097 | I86: 46159 | J86: N/A | K86: N/A | L86: P2P | M86: N/A | N86: P2P | O86: P2P | P86: 0.0323 | Q86: =P86-H86 -> 0.0226 | S86: 46159 | T86: N/A | U86: N/A | V86: N/A | W86: N/A | X86: 0.035 | Y86: N/A | Z86: 0.0139 | AA86: 46159 | AB86: N/A | AC86: N/A | AD86: N/A | AE86: N/A | AF86: N/A | AG86: N/A | AH86: 0.025 | AI86: =AH86-Z86 -> 0.0111 | AK86: 46159 | AL86: 0.02 | AP86: N/A | AQ86: N/A | AR86: 0.0086 | AS86: 46159 | AT86: 0.04 | AU86: 0.0315 | AV86: 0.0325 | AW86: 0.0415 | AX86: 0.05 | AY86: 0.0475 | AZ86: 0.0365 | BA86: =AZ86-AR86 -> 0.0279 | BC86: 46159 | BD86: 0.0112 | BE86: 0.0114 | BF86: 0.0117 | BJ86: 0.0111 | BK86: 46159 | BL86: 0.041 | BN86: 0.0491 | BR86: 0.0316 | BS86: =BR86-BJ86 -> 0.0205
A87: 46160 | B87: N/A | C87: N/A | D87: P2P | E87: N/A | F87: P2P | G87: N/A | H87: 0.0099 | I87: 46160 | J87: N/A | K87: N/A | L87: P2P | M87: N/A | N87: P2P | O87: P2P | P87: 0.0323 | Q87: =P87-H87 -> 0.0224 | S87: 46160 | T87: N/A | U87: N/A | V87: N/A | W87: N/A | X87: 0.035 | Y87: N/A | Z87: 0.014 | AA87: 46160 | AB87: N/A | AC87: N/A | AD87: N/A | AE87: N/A | AF87: N/A | AG87: N/A | AH87: 0.025 | AI87: =AH87-Z87 -> 0.011 | AK87: 46160 | AL87: 0.02 | AP87: N/A | AQ87: N/A | AR87: 0.0089 | AS87: 46160 | AT87: 0.04 | AU87: 0.0325 | AV87: 0.035 | AW87: 0.0415 | AX87: 0.05 | AY87: 0.0475 | AZ87: 0.0342 | BA87: =AZ87-AR87 -> 0.0253 | BC87: 46160 | BD87: 0.011 | BE87: 0.0112 | BF87: 0.0114 | BJ87: 0.0096 | BK87: 46160 | BL87: 0.041 | BN87: 0.0491 | BR87: 0.0304 | BS87: =BR87-BJ87 -> 0.0208
A88: 46161 | B88: N/A | C88: N/A | D88: P2P | E88: N/A | F88: P2P | G88: N/A | H88: 0.011 | I88: 46161 | J88: N/A | K88: N/A | L88: P2P | M88: N/A | N88: P2P | O88: P2P | P88: 0.033 | Q88: =P88-H88 -> 0.022 | S88: 46161 | T88: N/A | U88: N/A | V88: N/A | W88: N/A | X88: 0.035 | Y88: N/A | Z88: 0.014 | AA88: 46161 | AB88: N/A | AC88: N/A | AD88: N/A | AE88: N/A | AF88: N/A | AG88: N/A | AH88: 0.025 | AI88: =AH88-Z88 -> 0.011 | AK88: 46161 | AL88: 0.02 | AP88: N/A | AQ88: N/A | AR88: 0.01 | AS88: 46161 | AT88: 0.04 | AU88: 0.04 | AV88: 0.035 | AW88: 0.04 | AX88: 0.05 | AY88: 0.05 | AZ88: 0.0355 | BA88: =AZ88-AR88 -> 0.0255 | BC88: 46161 | BD88: 0.011 | BE88: 0.0112 | BF88: 0.0114 | BJ88: 0.0108 | BK88: 46161 | BL88: 0.0329 | BN88: 0.0474 | BR88: 0.0326 | BS88: =BR88-BJ88 -> 0.0218
A89: 46162 | B89: N/A | C89: N/A | D89: P2P | E89: N/A | F89: P2P | G89: N/A | H89: 0.0118 | I89: 46162 | J89: N/A | K89: N/A | L89: P2P | M89: N/A | N89: P2P | O89: P2P | P89: 0.0332 | Q89: =P89-H89 -> 0.0214 | S89: 46162 | T89: N/A | U89: N/A | V89: N/A | W89: N/A | X89: 0.035 | Y89: N/A | Z89: 0.013 | AA89: 46162 | AB89: N/A | AC89: N/A | AD89: N/A | AE89: N/A | AF89: N/A | AG89: N/A | AH89: 0.025 | AI89: =AH89-Z89 -> 0.012 | AK89: 46162 | AL89: 0.02 | AP89: N/A | AQ89: N/A | AR89: 0.0115 | AS89: 46162 | AT89: 0.0421 | AU89: 0.0342 | AV89: 0.035 | AW89: 0.04 | AX89: 0.0495 | AY89: 0.05 | AZ89: 0.0366 | BA89: =AZ89-AR89 -> 0.0251 | BC89: 46162 | BD89: 0.011 | BE89: 0.0112 | BF89: 0.0114 | BJ89: 0.0111 | BK89: 46162 | BL89: 0.0329 | BN89: 0.0474 | BR89: 0.0329 | BS89: =BR89-BJ89 -> 0.0218
A90: 46163 | B90: N/A | C90: N/A | D90: P2P | E90: N/A | F90: P2P | G90: N/A | H90: 0.0119 | I90: 46163 | J90: N/A | K90: N/A | L90: P2P | M90: N/A | N90: P2P | O90: P2P | P90: 0.0334 | Q90: =P90-H90 -> 0.0215 | S90: 46163 | T90: N/A | U90: N/A | V90: N/A | W90: N/A | X90: 0.035 | Y90: N/A | Z90: 0.0139 | AA90: 46163 | AB90: N/A | AC90: N/A | AD90: N/A | AE90: N/A | AF90: N/A | AG90: N/A | AH90: 0.025 | AI90: =AH90-Z90 -> 0.0111 | AK90: 46163 | AL90: 0.02 | AP90: N/A | AQ90: N/A | AR90: 0.0122 | AS90: 46163 | AT90: 0.0421 | AU90: 0.0345 | AV90: 0.035 | AW90: 0.04 | AX90: 0.0495 | AY90: 0.0474 | AZ90: 0.0371 | BA90: =AZ90-AR90 -> 0.0249 | BC90: 46163 | BD90: 0.011 | BE90: 0.0112 | BF90: 0.0114 | BJ90: 0.0114 | BK90: 46163 | BL90: 0.0411 | BN90: 0.0494 | BR90: 0.0343 | BS90: =BR90-BJ90 -> 0.0229
A91: 46164 | B91: N/A | C91: N/A | D91: P2P | E91: N/A | F91: P2P | G91: N/A | H91: 0.0118 | I91: 46164 | J91: N/A | K91: N/A | L91: P2P | M91: N/A | N91: P2P | O91: P2P | P91: 0.0332 | Q91: =P91-H91 -> 0.0214 | S91: 46164 | T91: N/A | U91: N/A | V91: N/A | W91: N/A | X91: 0.035 | Y91: N/A | Z91: 0.0139 | AA91: 46164 | AB91: N/A | AC91: N/A | AD91: N/A | AE91: N/A | AF91: N/A | AG91: N/A | AH91: 0.025 | AI91: =AH91-Z91 -> 0.0111 | AK91: 46164 | AL91: 0.02 | AP91: N/A | AQ91: N/A | AR91: 0.0129 | AS91: 46164 | AT91: 0.04 | AU91: 0.0349 | AV91: 0.035 | AW91: 0.0499 | AX91: 0.049 | AY91: 0.0477 | AZ91: 0.037 | BA91: =AZ91-AR91 -> 0.0241 | BC91: 46164 | BD91: 0.011 | BE91: 0.0112 | BF91: 0.0114 | BJ91: 0.0116 | BK91: 46164 | BL91: 0.041 | BN91: 0.0493 | BR91: 0.0343 | BS91: =BR91-BJ91 -> 0.0227
A92: 46165 | B92: N/A | C92: N/A | D92: P2P | E92: N/A | F92: P2P | G92: N/A | H92: 0.0112 | I92: 46165 | J92: N/A | K92: N/A | L92: P2P | M92: N/A | N92: P2P | O92: P2P | P92: 0.0338 | Q92: =P92-H92 -> 0.0226 | S92: 46165 | T92: N/A | U92: N/A | V92: N/A | W92: N/A | X92: 0.035 | Y92: N/A | Z92: 0.0135 | AA92: 46165 | AB92: N/A | AC92: N/A | AD92: N/A | AE92: N/A | AF92: N/A | AG92: N/A | AH92: 0.025 | AI92: =AH92-Z92 -> 0.0115 | AK92: 46165 | AL92: 0.02 | AP92: N/A | AQ92: N/A | AR92: 0.0115 | AS92: 46165 | AT92: 0.04 | AU92: 0.0349 | AV92: 0.035 | AW92: 0.0499 | AX92: 0.049 | AY92: 0.0477 | AZ92: 0.037 | BA92: =AZ92-AR92 -> 0.0255 | BC92: 46165 | BD92: 0.011 | BE92: 0.0112 | BF92: 0.0114 | BJ92: 0.0115 | BK92: 46165 | BL92: 0.041 | BN92: 0.0493 | BR92: 0.0339 | BS92: =BR92-BJ92 -> 0.0224
A93: 46166 | B93: N/A | C93: N/A | D93: P2P | E93: N/A | F93: P2P | G93: N/A | H93: 0.0119 | I93: 46166 | J93: N/A | K93: N/A | L93: P2P | M93: N/A | N93: P2P | O93: P2P | P93: 0.0342 | Q93: =P93-H93 -> 0.0223 | S93: 46166 | T93: N/A | U93: N/A | V93: N/A | W93: N/A | X93: 0.035 | Y93: N/A | Z93: 0.0135 | AA93: 46166 | AB93: N/A | AC93: N/A | AD93: N/A | AE93: N/A | AF93: N/A | AG93: N/A | AH93: 0.025 | AI93: =AH93-Z93 -> 0.0115 | AK93: 46166 | AL93: 0.02 | AP93: N/A | AQ93: N/A | AR93: 0.0117 | AS93: 46166 | AT93: 0.04 | AU93: 0.0349 | AV93: 0.035 | AW93: 0.0499 | AX93: 0.049 | AY93: 0.0477 | AZ93: 0.037 | BA93: =AZ93-AR93 -> 0.0253 | BC93: 46166 | BD93: 0.011 | BE93: 0.0112 | BF93: 0.0114 | BJ93: 0.0114 | BK93: 46166 | BL93: 0.041 | BN93: 0.0493 | BR93: 0.0338 | BS93: =BR93-BJ93 -> 0.0224
A94: 46167 | B94: N/A | C94: N/A | D94: P2P | E94: N/A | F94: P2P | G94: N/A | H94: 0.0123 | I94: 46167 | J94: N/A | K94: N/A | L94: P2P | M94: N/A | N94: P2P | O94: P2P | P94: 0.0344 | Q94: =P94-H94 -> 0.0221 | S94: 46167 | T94: N/A | U94: N/A | V94: N/A | W94: N/A | X94: 0.035 | Y94: N/A | Z94: 0.0136 | AA94: 46167 | AB94: N/A | AC94: N/A | AD94: N/A | AE94: N/A | AF94: N/A | AG94: N/A | AH94: 0.025 | AI94: =AH94-Z94 -> 0.0114 | AK94: 46167 | AL94: 0.02 | AP94: N/A | AQ94: N/A | AR94: 0.0122 | AS94: 46167 | AT94: 0.04 | AU94: 0.0349 | AV94: 0.035 | AW94: 0.0499 | AX94: 0.049 | AY94: 0.0477 | AZ94: 0.037 | BA94: =AZ94-AR94 -> 0.0248 | BC94: 46167 | BD94: 0.011 | BE94: 0.0112 | BF94: 0.0114 | BJ94: 0.0114 | BK94: 46167 | BL94: 0.0416 | BN94: 0.0499 | BR94: 0.0341 | BS94: =BR94-BJ94 -> 0.0227
A95: 46168 | B95: N/A | C95: N/A | D95: P2P | E95: N/A | F95: P2P | G95: N/A | H95: 0.0131 | I95: 46168 | J95: N/A | K95: N/A | L95: P2P | M95: N/A | N95: P2P | O95: P2P | P95: 0.0355 | Q95: =P95-H95 -> 0.0224 | S95: 46168 | T95: N/A | U95: N/A | V95: N/A | W95: N/A | X95: 0.035 | Y95: N/A | Z95: 0.0137 | AA95: 46168 | AB95: N/A | AC95: N/A | AD95: N/A | AE95: N/A | AF95: N/A | AG95: N/A | AH95: 0.025 | AI95: =AH95-Z95 -> 0.0113 | AK95: 46168 | AL95: 0.02 | AP95: N/A | AQ95: N/A | AR95: 0.013 | AS95: 46168 | AT95: 0.04 | AU95: 0.0349 | AV95: 0.035 | AW95: 0.0499 | AX95: 0.049 | AY95: 0.0477 | AZ95: 0.037 | BA95: =AZ95-AR95 -> 0.024 | BC95: 46168 | BD95: 0.011 | BE95: 0.0112 | BF95: 0.0114 | BJ95: 0.0121 | BK95: 46168 | BL95: 0.042 | BN95: 0.0525 | BR95: 0.0359 | BS95: =BR95-BJ95 -> 0.0238
... A104: 46177 | B104: N/A | C104: N/A | D104: P2P | E104: N/A | F104: P2P | G104: N/A | H104: 0.0202 | I104: 46177 | J104: N/A | K104: N/A | L104: P2P | M104: N/A | N104: P2P | O104: P2P | P104: 0.0436 | Q104: =P104-H104 -> 0.0234 | S104: 46177 | T104: N/A | U104: N/A | V104: N/A | W104: N/A | X104: 0.035 | Y104: N/A | Z104: 0.0159 | AA104: 46177 | AB104: N/A | AC104: N/A | AD104: N/A | AE104: N/A | AF104: N/A | AG104: N/A | AH104: 0.025 | AI104: =AH104-Z104 -> 0.0091 | AK104: 46177 | AL104: 0.02 | AP104: N/A | AQ104: N/A | AR104: 0.0208 | AS104: 46177 | AT104: 0.0395 | AU104: 0.0349 | AV104: 0.0487 | AW104: 0.04 | AX104: 0.047 | AY104: 0.0592 | AZ104: 0.0491 | BA104: =AZ104-AR104 -> 0.0283 | BC104: 46177 | BD104: 0.011 | BE104: 0.0112 | BF104: 0.0114 | BJ104: 0.019 | BK104: 46177 | BL104: 0.0558 | BN104: 0.0669 | BR104: 0.0465 | BS104: =BR104-BJ104 -> 0.0275
A105: 46178 | B105: N/A | C105: N/A | D105: P2P | E105: N/A | F105: P2P | G105: N/A | H105: 0.0163 | I105: 46178 | J105: N/A | K105: N/A | L105: P2P | M105: N/A | N105: P2P | O105: P2P | P105: 0.0387 | Q105: =P105-H105 -> 0.0224 | S105: 46178 | T105: N/A | U105: N/A | V105: N/A | W105: N/A | X105: 0.035 | Y105: N/A | Z105: 0.0153 | AA105: 46178 | AB105: N/A | AC105: N/A | AD105: N/A | AE105: N/A | AF105: N/A | AG105: N/A | AH105: 0.025 | AI105: =AH105-Z105 -> 0.0097 | AK105: 46178 | AL105: 0.02 | AP105: N/A | AQ105: 0.032 | AR105: 0.0166 | AS105: 46178 | AT105: 0.0375 | AU105: 0.038 | AV105: 0.045 | AW105: 0.04 | AX105: 0.047 | AY105: 0.0599 | AZ105: 0.0441 | BA105: =AZ105-AR105 -> 0.0275 | BC105: 46178 | BD105: 0.011 | BE105: 0.0112 | BF105: 0.0114 | BJ105: 0.0152 | BK105: 46178 | BL105: 0.0486 | BN105: 0.0583 | BR105: 0.0405 | BS105: =BR105-BJ105 -> 0.0253
A106: 46179 | B106: N/A | C106: N/A | D106: P2P | E106: N/A | F106: P2P | G106: N/A | H106: 0.0145 | I106: 46179 | J106: N/A | K106: N/A | L106: P2P | M106: N/A | N106: P2P | O106: P2P | P106: 0.0364 | Q106: =P106-H106 -> 0.0219 | S106: 46179 | T106: N/A | U106: N/A | V106: N/A | W106: N/A | X106: 0.03 | Y106: N/A | Z106: 0.0149 | AA106: 46179 | AB106: N/A | AC106: N/A | AD106: N/A | AE106: N/A | AF106: N/A | AG106: N/A | AH106: 0.025 | AI106: =AH106-Z106 -> 0.0101 | AK106: 46179 | AL106: 0.02 | AP106: N/A | AQ106: N/A | AR106: 0.0145 | AS106: 46179 | AT106: 0.04 | AU106: 0.039 | AV106: 0.043 | AW106: 0.04 | AX106: 0.0449 | AY106: 0.045 | AZ106: 0.0404 | BA106: =AZ106-AR106 -> 0.0259 | BC106: 46179 | BD106: 0.011 | BE106: 0.0112 | BF106: 0.0114 | BJ106: 0.0139 | BK106: 46179 | BL106: 0.0442 | BN106: 0.053 | BR106: 0.0382 | BS106: =BR106-BJ106 -> 0.0243
A107: 46180 | B107: N/A | C107: N/A | D107: P2P | E107: N/A | F107: P2P | G107: N/A | H107: 0.014 | I107: 46180 | J107: N/A | K107: N/A | L107: P2P | M107: N/A | N107: P2P | O107: P2P | P107: 0.0363 | Q107: =P107-H107 -> 0.0223 | S107: 46180 | T107: N/A | U107: N/A | V107: N/A | W107: N/A | X107: 0.03 | Y107: N/A | Z107: 0.015 | AA107: 46180 | AB107: N/A | AC107: N/A | AD107: N/A | AE107: N/A | AF107: N/A | AG107: N/A | AH107: 0.025 | AI107: =AH107-Z107 -> 0.01 | AK107: 46180 | AL107: 0.02 | AP107: N/A | AQ107: N/A | AR107: 0.0147 | AS107: 46180 | AT107: 0.04 | AU107: 0.039 | AV107: 0.043 | AW107: 0.04 | AX107: 0.0449 | AY107: 0.045 | AZ107: 0.0404 | BA107: =AZ107-AR107 -> 0.0257 | BC107: 46180 | BD107: 0.011 | BE107: 0.0112 | BF107: 0.0114 | BJ107: 0.0156 | BK107: 46180 | BL107: 0.0442 | BN107: 0.053 | BR107: 0.0372 | BS107: =BR107-BJ107 -> 0.0216
A108: 46181 | B108: N/A | C108: N/A | D108: P2P | E108: N/A | F108: P2P | G108: N/A | H108: 0.0141 | I108: 46181 | J108: N/A | K108: N/A | L108: P2P | M108: N/A | N108: P2P | O108: P2P | P108: 0.0364 | Q108: =P108-H108 -> 0.0223 | S108: 46181 | T108: N/A | U108: N/A | V108: N/A | W108: N/A | X108: 0.03 | Y108: N/A | Z108: 0.0142 | AA108: 46181 | AB108: N/A | AC108: N/A | AD108: N/A | AE108: N/A | AF108: N/A | AG108: N/A | AH108: 0.025 | AI108: =AH108-Z108 -> 0.0108 | AK108: 46181 | AL108: 0.02 | AP108: N/A | AQ108: N/A | AR108: 0.014 | AS108: 46181 | AT108: 0.04 | AU108: 0.039 | AV108: 0.043 | AW108: 0.04 | AX108: 0.0449 | AY108: 0.045 | AZ108: 0.0404 | BA108: =AZ108-AR108 -> 0.0264 | BC108: 46181 | BD108: 0.011 | BE108: 0.0112 | BF108: 0.0114 | BJ108: 0.0131 | BK108: 46181 | BL108: 0.0442 | BN108: 0.053 | BR108: 0.0368 | BS108: =BR108-BJ108 -> 0.0237
A109: 46182 | B109: N/A | C109: N/A | D109: P2P | E109: N/A | F109: P2P | G109: N/A | H109: 0.0136 | I109: 46182 | J109: N/A | K109: N/A | L109: P2P | M109: N/A | N109: P2P | O109: P2P | P109: 0.0358 | Q109: =P109-H109 -> 0.0222 | S109: 46182 | T109: N/A | U109: N/A | V109: N/A | W109: N/A | X109: 0.03 | Y109: N/A | Z109: 0.0147 | AA109: 46182 | AB109: N/A | AC109: N/A | AD109: N/A | AE109: N/A | AF109: N/A | AG109: N/A | AH109: 0.025 | AI109: =AH109-Z109 -> 0.0103 | AK109: 46182 | AL109: 0.02 | AP109: N/A | AQ109: N/A | AR109: 0.0148 | AS109: 46182 | AT109: 0.0445 | AU109: 0.039 | AV109: 0.043 | AW109: 0.04 | AX109: 0.0449 | AY109: 0.045 | AZ109: 0.0404 | BA109: =AZ109-AR109 -> 0.0256 | BC109: 46182 | BD109: 0.011 | BE109: 0.0112 | BF109: 0.0114 | BJ109: 0.0127 | BK109: 46182 | BL109: 0.0438 | BN109: 0.0526 | BR109: 0.0366 | BS109: =BR109-BJ109 -> 0.0239
A110: 46183 | B110: N/A | C110: N/A | D110: P2P | E110: N/A | F110: P2P | G110: N/A | H110: 0.0137 | I110: 46183 | J110: N/A | K110: N/A | L110: P2P | M110: N/A | N110: P2P | O110: P2P | P110: 0.0358 | Q110: =P110-H110 -> 0.0221 | S110: 46183 | T110: N/A | U110: N/A | V110: N/A | W110: N/A | X110: 0.03 | Y110: N/A | Z110: 0.0149 | AA110: 46183 | AB110: N/A | AC110: N/A | AD110: N/A | AE110: N/A | AF110: N/A | AG110: N/A | AH110: 0.025 | AI110: =AH110-Z110 -> 0.0101 | AK110: 46183 | AL110: 0.02 | AP110: N/A | AQ110: N/A | AR110: 0.014 | AS110: 46183 | AT110: 0.038 | AU110: 0.039 | AV110: 0.038 | AW110: 0.039 | AX110: 0.0454 | AY110: 0.054 | AZ110: 0.0403 | BA110: =AZ110-AR110 -> 0.0263 | BC110: 46183 | BD110: 0.011 | BE110: 0.0112 | BF110: 0.0114 | BJ110: 0.0142 | BK110: 46183 | BL110: 0.0444 | BN110: 0.0532 | BR110: 0.0371 | BS110: =BR110-BJ110 -> 0.0229
A111: 46184 | B111: N/A | C111: N/A | D111: P2P | E111: N/A | F111: P2P | G111: N/A | H111: 0.0138 | I111: 46184 | J111: N/A | K111: N/A | L111: P2P | M111: N/A | N111: P2P | O111: P2P | P111: 0.0361 | Q111: =P111-H111 -> 0.0223 | S111: 46184 | T111: N/A | U111: N/A | V111: N/A | W111: N/A | X111: 0.035 | Y111: N/A | Z111: 0.0148 | AA111: 46184 | AB111: N/A | AC111: N/A | AD111: N/A | AE111: N/A | AF111: N/A | AG111: N/A | AH111: 0.025 | AI111: =AH111-Z111 -> 0.0102 | AK111: 46184 | AL111: 0.02 | AP111: N/A | AQ111: N/A | AR111: 0.0133 | AS111: 46184 | AT111: 0.035 | AU111: 0.0369 | AV111: 0.038 | AW111: 0.039 | AX111: 0.0454 | AY111: 0.0545 | AZ111: 0.0404 | BA111: =AZ111-AR111 -> 0.0271 | BC111: 46184 | BD111: 0.011 | BE111: 0.0112 | BF111: 0.0114 | BJ111: 0.0139 | BK111: 46184 | BL111: 0.0442 | BN111: 0.053 | BR111: 0.0368 | BS111: =BR111-BJ111 -> 0.0229
A112: 46185 | B112: N/A | C112: N/A | D112: P2P | E112: N/A | F112: P2P | G112: N/A | H112: 0.0122 | I112: 46185 | J112: N/A | K112: N/A | L112: P2P | M112: N/A | N112: P2P | O112: P2P | P112: 0.0342 | Q112: =P112-H112 -> 0.022 | S112: 46185 | T112: N/A | U112: N/A | V112: N/A | W112: N/A | X112: 0.035 | Y112: N/A | Z112: 0.0148 | AA112: 46185 | AB112: N/A | AC112: N/A | AD112: N/A | AE112: N/A | AF112: N/A | AG112: N/A | AH112: 0.025 | AI112: =AH112-Z112 -> 0.0102 | AK112: 46185 | AL112: 0.02 | AP112: N/A | AQ112: N/A | AR112: 0.0132 | AS112: 46185 | AT112: 0.0345 | AU112: 0.0368 | AV112: 0.0399 | AW112: 3,,89% | AX112: 0.045 | AY112: 0.055 | AZ112: 0.0399 | BA112: =AZ112-AR112 -> 0.0267 | BC112: 46185 | BD112: 0.011 | BE112: 0.0112 | BF112: 0.0114 | BJ112: 0.0139 | BK112: 46185 | BL112: 0.0436 | BN112: 0.0523 | BR112: 0.0365 | BS112: =BR112-BJ112 -> 0.0226
A113: 46186 | B113: N/A | C113: N/A | D113: P2P | E113: N/A | F113: P2P | G113: N/A | H113: 0.0123 | I113: 46186 | J113: N/A | K113: N/A | L113: P2P | M113: N/A | N113: P2P | O113: P2P | P113: 0.033 | Q113: =P113-H113 -> 0.0207 | S113: 46186 | T113: N/A | U113: N/A | V113: N/A | W113: N/A | X113: 0.035 | Y113: N/A | Z113: 0.0146 | AA113: 46186 | AB113: N/A | AC113: N/A | AD113: N/A | AE113: N/A | AF113: N/A | AG113: N/A | AH113: 0.025 | AI113: =AH113-Z113 -> 0.0104 | AK113: 46186 | AL113: 0.02 | AP113: N/A | AQ113: N/A | AR113: 0.0125 | AS113: 46186 | AT113: 0.032 | AU113: 0.032 | AV113: 0.043 | AW113: 0.04 | AX113: 0.048 | AY113: 0.053 | AZ113: 0.0366 | BA113: =AZ113-AR113 -> 0.0241 | BC113: 46186 | BD113: 0.011 | BE113: 0.0112 | BF113: 0.0114 | BJ113: 0.0122 | BK113: 46186 | BL113: 0.0419 | BN113: 0.0503 | BR113: 0.0354 | BS113: =BR113-BJ113 -> 0.0232
A114: 46187 | B114: N/A | C114: N/A | D114: P2P | E114: N/A | F114: P2P | G114: N/A | H114: 0.0113 | I114: 46187 | J114: N/A | K114: N/A | L114: P2P | M114: N/A | N114: P2P | O114: P2P | P114: 0.0325 | Q114: =P114-H114 -> 0.0212 | S114: 46187 | T114: N/A | U114: N/A | V114: N/A | W114: N/A | X114: 0.035 | Y114: N/A | Z114: 0.0146 | AA114: 46187 | AB114: N/A | AC114: N/A | AD114: N/A | AE114: N/A | AF114: N/A | AG114: N/A | AH114: 0.025 | AI114: =AH114-Z114 -> 0.0104 | AK114: 46187 | AL114: 0.02 | AP114: N/A | AQ114: N/A | AR114: 0.0123 | AS114: 46187 | AT114: 0.032 | AU114: 0.032 | AV114: 0.043 | AW114: 0.04 | AX114: 0.048 | AY114: 0.053 | AZ114: 0.036 | BA114: =AZ114-AR114 -> 0.0237 | BC114: 46187 | BD114: 0.011 | BE114: 0.0112 | BF114: 0.0114 | BJ114: 0.0121 | BK114: 46187 | BL114: 0.0419 | BN114: 0.0503 | BR114: 0.0354 | BS114: =BR114-BJ114 -> 0.0233
A115: 46188 | B115: N/A | C115: N/A | D115: P2P | E115: N/A | F115: P2P | G115: N/A | H115: 0.0113 | I115: 46188 | J115: N/A | K115: N/A | L115: P2P | M115: N/A | N115: P2P | O115: P2P | P115: 0.0325 | Q115: =P115-H115 -> 0.0212 | S115: 46188 | T115: N/A | U115: N/A | V115: N/A | W115: N/A | X115: 0.035 | Y115: N/A | Z115: 0.0143 | AA115: 46188 | AB115: N/A | AC115: N/A | AD115: N/A | AE115: N/A | AF115: N/A | AG115: N/A | AH115: 0.025 | AI115: =AH115-Z115 -> 0.0107 | AK115: 46188 | AL115: 0.02 | AP115: N/A | AQ115: N/A | AR115: 0.0119 | AS115: 46188 | AT115: 0.032 | AU115: 0.032 | AV115: 0.043 | AW115: 0.04 | AX115: 0.048 | AY115: 0.053 | AZ115: 0.0351 | BA115: =AZ115-AR115 -> 0.0232 | BC115: 46188 | BD115: 0.011 | BE115: 0.0112 | BF115: 0.0114 | BJ115: 0.0125 | BK115: 46188 | BL115: 0.0419 | BN115: 0.0503 | BR115: 0.0347 | BS115: =BR115-BJ115 -> 0.0222
A116: 46189 | B116: N/A | C116: N/A | D116: P2P | E116: N/A | F116: P2P | G116: N/A | H116: 0.0117 | I116: 46189 | J116: N/A | K116: N/A | L116: P2P | M116: N/A | N116: P2P | O116: P2P | P116: 0.0332 | Q116: =P116-H116 -> 0.0215 | S116: 46189 | T116: N/A | U116: N/A | V116: N/A | W116: N/A | X116: 0.035 | Y116: N/A | Z116: 0.015 | AA116: 46189 | AB116: N/A | AC116: N/A | AD116: N/A | AE116: N/A | AF116: N/A | AG116: N/A | AH116: 0.025 | AI116: =AH116-Z116 -> 0.01 | AK116: 46189 | AL116: 0.02 | AP116: N/A | AQ116: N/A | AR116: 0.0127 | AS116: 46189 | AT116: 0.03 | AU116: 0.035 | AV116: 0.039 | AW116: 0.04 | AX116: 0.0473 | AY116: 0.053 | AZ116: 0.0372 | BA116: =AZ116-AR116 -> 0.0245 | BC116: 46189 | BD116: 0.011 | BE116: 0.0112 | BF116: 0.0114 | BJ116: 0.0119 | BK116: 46189 | BL116: 0.0412 | BN116: 0.049 | BR116: 0.0341 | BS116: =BR116-BJ116 -> 0.0222
A117: 46190 | B117: N/A | C117: N/A | D117: P2P | E117: N/A | F117: P2P | G117: N/A | H117: 0.0118 | I117: 46190 | J117: N/A | K117: N/A | L117: P2P | M117: N/A | N117: P2P | O117: P2P | P117: 0.0333 | Q117: =P117-H117 -> 0.0215 | S117: 46190 | T117: N/A | U117: N/A | V117: N/A | W117: N/A | X117: 0.035 | Y117: N/A | Z117: 0.0152 | AA117: 46190 | AB117: N/A | AC117: N/A | AD117: N/A | AE117: N/A | AF117: N/A | AG117: N/A | AH117: 0.025 | AI117: =AH117-Z117 -> 0.0098 | AK117: 46190 | AL117: 0.02 | AP117: N/A | AQ117: N/A | AR117: 0.0122 | AS117: 46190 | AT117: 0.0285 | AU117: 0.035 | AV117: 0.038 | AW117: 0.0572 | AX117: 0.048 | AY117: 0.053 | AZ117: 0.0372 | BA117: =AZ117-AR117 -> 0.025 | BC117: 46190 | BD117: 0.011 | BE117: 0.0112 | BF117: 0.0114 | BJ117: 0.0124 | BK117: 46190 | BL117: 0.0412 | BN117: 0.0494 | BR117: 0.0343 | BS117: =BR117-BJ117 -> 0.0219
A118: 46191 | B118: N/A | C118: N/A | D118: P2P | E118: N/A | F118: P2P | G118: N/A | H118: 0.0112 | I118: 46191 | J118: N/A | K118: N/A | L118: P2P | M118: N/A | N118: P2P | O118: P2P | P118: 0.0325 | Q118: =P118-H118 -> 0.0213 | S118: 46191 | T118: N/A | U118: N/A | V118: N/A | W118: N/A | X118: 0.035 | Y118: N/A | Z118: 0.0153 | AA118: 46191 | AB118: N/A | AC118: N/A | AD118: N/A | AE118: N/A | AF118: N/A | AG118: N/A | AH118: 0.025 | AI118: =AH118-Z118 -> 0.0097 | AK118: 46191 | AL118: 0.02 | AP118: N/A | AQ118: N/A | AR118: 0.0124 | AS118: 46191 | AT118: 0.031 | AU118: 0.04 | AV118: 0.037 | AW118: 0.057 | AX118: 0.048 | AY118: 0.0579 | AZ118: 0.0364 | BA118: =AZ118-AR118 -> 0.024 | BC118: 46191 | BD118: 0.011 | BE118: 0.0112 | BF118: 0.0114 | BJ118: 0.0128 | BK118: 46191 | BL118: 0.041 | BN118: 0.0482 | BR118: 0.034 | BS118: =BR118-BJ118 -> 0.0212
A119: 46192 | B119: N/A | C119: N/A | D119: P2P | E119: N/A | F119: P2P | G119: N/A | H119: 0.0107 | I119: 46192 | J119: N/A | K119: N/A | L119: P2P | M119: N/A | N119: P2P | O119: P2P | P119: 0.0317 | Q119: =P119-H119 -> 0.021 | S119: 46192 | T119: N/A | U119: N/A | V119: N/A | W119: N/A | X119: 0.035 | Y119: N/A | Z119: 0.0155 | AA119: 46192 | AB119: N/A | AC119: N/A | AD119: N/A | AE119: N/A | AF119: N/A | AG119: N/A | AH119: 0.025 | AI119: =AH119-Z119 -> 0.0095 | AK119: 46192 | AL119: 0.02 | AP119: N/A | AQ119: N/A | AR119: 0.0118 | AS119: 46192 | AT119: 0.032 | AU119: 0.0445 | AV119: 0.04 | AW119: 0.063 | AX119: 0.048 | AY119: 0.059 | AZ119: 0.0351 | BA119: =AZ119-AR119 -> 0.0233 | BC119: 46192 | BD119: 0.011 | BE119: 0.0112 | BF119: 0.0114 | BJ119: 0.0152 | BK119: 46192 | BL119: 0.041 | BN119: 0.0474 | BR119: 0.033 | BS119: =BR119-BJ119 -> 0.0178
A120: 46193 | B120: N/A | C120: N/A | D120: P2P | E120: N/A | F120: P2P | G120: N/A | H120: 0.0102 | I120: 46193 | J120: N/A | K120: N/A | L120: P2P | M120: N/A | N120: P2P | O120: P2P | P120: 0.0315 | Q120: =P120-H120 -> 0.0213 | S120: 46193 | T120: N/A | U120: N/A | V120: N/A | W120: N/A | X120: 0.035 | Y120: N/A | Z120: 0.0152 | AA120: 46193 | AB120: N/A | AC120: N/A | AD120: N/A | AE120: N/A | AF120: N/A | AG120: N/A | AH120: 0.025 | AI120: =AH120-Z120 -> 0.0098 | AK120: 46193 | AL120: 0.02 | AP120: N/A | AQ120: N/A | AR120: 0.0118 | AS120: 46193 | AT120: 0.032 | AU120: 0.0325 | AV120: 0.0366 | AW120: 0.0389 | AX120: 0.0465 | AY120: 0.0578 | AZ120: 0.0353 | BA120: =AZ120-AR120 -> 0.0235 | BC120: 46193 | BD120: 0.011 | BE120: 0.0112 | BF120: 0.0114 | BJ120: 0.0145 | BK120: 46193 | BL120: 0.041 | BN120: 0.0474 | BR120: 0.0313 | BS120: =BR120-BJ120 -> 0.0168
A121: 46194 | B121: N/A | C121: N/A | D121: P2P | E121: N/A | F121: P2P | G121: N/A | H121: 0.0102 | I121: 46194 | J121: N/A | K121: N/A | L121: P2P | M121: N/A | N121: P2P | O121: P2P | P121: 0.0318 | Q121: =P121-H121 -> 0.0216 | S121: 46194 | T121: N/A | U121: N/A | V121: N/A | W121: N/A | X121: 0.035 | Y121: N/A | Z121: 0.0152 | AA121: 46194 | AB121: N/A | AC121: N/A | AD121: N/A | AE121: N/A | AF121: N/A | AG121: N/A | AH121: 0.025 | AI121: =AH121-Z121 -> 0.0098 | AK121: 46194 | AL121: 0.02 | AP121: N/A | AQ121: N/A | AR121: 0.0113 | AS121: 46194 | AT121: 0.032 | AU121: 0.0325 | AV121: 0.0366 | AW121: 0.0389 | AX121: 0.0465 | AY121: 0.0578 | AZ121: 0.0353 | BA121: =AZ121-AR121 -> 0.024 | BC121: 46194 | BD121: 0.011 | BE121: 0.0112 | BF121: 0.0114 | BJ121: 0.0201 | BK121: 46194 | BL121: 0.0593 | BN121: 0.0711 | BR121: 0.0417 | BS121: =BR121-BJ121 -> 0.0216
A122: 46195 | B122: N/A | C122: N/A | D122: P2P | E122: N/A | F122: P2P | G122: N/A | H122: 0.0108 | I122: 46195 | J122: N/A | K122: N/A | L122: P2P | M122: N/A | N122: P2P | O122: P2P | P122: 0.0318 | Q122: =P122-H122 -> 0.021 | S122: 46195 | T122: N/A | U122: N/A | V122: N/A | W122: N/A | X122: 0.035 | Y122: N/A | Z122: 0.0146 | AA122: 46195 | AB122: N/A | AC122: N/A | AD122: N/A | AE122: N/A | AF122: N/A | AG122: N/A | AH122: 0.025 | AI122: =AH122-Z122 -> 0.0104 | AK122: 46195 | AL122: 0.02 | AP122: N/A | AQ122: N/A | AR122: 0.0113 | AS122: 46195 | AT122: 0.032 | AU122: 0.0325 | AV122: 0.0366 | AW122: 0.0389 | AX122: 0.0465 | AY122: 0.0578 | AZ122: 0.0353 | BA122: =AZ122-AR122 -> 0.024 | BC122: 46195 | BD122: 0.0258 | BE122: 0.0261 | BF122: 0.0263 | BJ122: 0.0215 | BK122: 46195 | BL122: 0.0593 | BN122: 0.0711 | BR122: 0.0495 | BS122: =BR122-BJ122 -> 0.028
A123: 46196 | B123: N/A | C123: N/A | D123: P2P | E123: N/A | F123: P2P | G123: N/A | H123: 0.012 | I123: 46196 | J123: N/A | K123: N/A | L123: P2P | M123: N/A | N123: P2P | O123: P2P | P123: 0.0335 | Q123: =P123-H123 -> 0.0215 | S123: 46196 | T123: N/A | U123: N/A | V123: N/A | W123: N/A | X123: 0.035 | Y123: N/A | Z123: 0.0154 | AA123: 46196 | AB123: N/A | AC123: N/A | AD123: N/A | AE123: N/A | AF123: N/A | AG123: N/A | AH123: 0.025 | AI123: =AH123-Z123 -> 0.0096 | AK123: 46196 | AL123: 0.02 | AP123: N/A | AQ123: N/A | AR123: 0.0125 | AS123: 46196 | AT123: 0.032 | AU123: 0.0399 | AV123: 0.031 | AW123: 0.061 | AX123: 0.049 | AY123: 0.0599 | AZ123: 0.0363 | BA123: =AZ123-AR123 -> 0.0238 | BC123: 46196 | BD123: 0.0258 | BE123: 0.0261 | BF123: 0.0263 | BJ123: 0.0219 | BK123: 46196 | BL123: 0.0633 | BN123: 0.0759 | BR123: 0.0528 | BS123: =BR123-BJ123 -> 0.0309
...

Sheet Günlük taslak
A1: 46077 | B1: 7 | C1: 14 | D1: 30 | E1: 60 | F1: 90 | G1: Flexible | H1: Annual | J1: 46087 | K1: 7 | L1: 14 | M1: 30 | N1: 60 | O1: 90 | P1: Flexible | Q1: Annual | S1: 46097 | T1: 7 | U1: 14 | V1: 30 | W1: 60 | X1: 90 | Y1: Flexible | Z1: Annual | AB1: 46107 | AC1: 7 | AD1: 14 | AE1: 30 | AF1: 60 | AG1: 90 | AH1: Flexible | AI1: Annual | AK1: 46117 | AL1: 7 | AM1: 14 | AN1: 30 | AO1: 60 | AP1: 90 | AQ1: Flexible | AR1: Annual
B2: =(1+B4)^(365/7)-1 -> 0.030968576 | C2: =(1+C4)^(365/14)-1 -> 0.030968576 | D2: =(1+D4)^(365/30)-1 -> 0.030968576 | E2: =(1+E4)^(365/60)-1 -> 0.030968576 | F2: =(1+F4)^(365/90)-1 -> 0.030968576
B3: =B4*(365/B1) -> 0.030507647 | C3: =C4*(365/14) -> 0.030516572 | D3: =D4*(365/30) -> 0.030536984 | E3: =E4*(365/60) -> 0.030575306 | F3: =F4*(365/90) -> 0.030613693 | K3: =K4*365/K1 -> 0.032308576 | L3: =L4*365/L1 -> 0.032318586 | M3: =M4*365/M1 -> 0.03234148 | N3: =N4*365/N1 -> 0.032384465 | O3: =O4*365/O1 -> 0.032427526 | T3: =T4*365/T1 -> 0.033209061 | U3: =U4*365/U1 -> 0.033219636 | V3: =V4*365/V1 -> 0.033243825 | W3: =W4*365/W1 -> 0.033289242 | X3: =X4*365/X1 -> 0.033334742 | AK3: Binance | AL3: =((1+$AR3)^(AL1/365)-1)*365/AL1 -> 0.0310079 | AM3: =((1+$AR3)^(AM1/365)-1)*365/AM1 -> 0.03101712 | AN3: =((1+$AR3)^(AN1/365)-1)*365/AN1 -> 0.031038207 | AO3: =((1+$AR3)^(AO1/365)-1)*365/AO1 -> 0.031077798 | AP3: =((1+$AR3)^(AP1/365)-1)*365/AP1 -> 0.031117455 | AQ3: 0.031 | AR3: =(1+AQ3/365)^365-1 -> 0.031484146
A4: Binance | B4: =(1+$H4)^(B1/365)-1 -> 0.00058507816 | C4: =(1+$H4)^(C1/365)-1 -> 0.0011704986 | D4: =(1+$H4)^(D1/365)-1 -> 0.0025098891 | E4: =(1+$H4)^(E1/365)-1 -> 0.0050260777 | F4: =(1+$H4)^(F1/365)-1 -> 0.0075485817 | G4: =3.05/100 -> 0.0305 | H4: =(1+G4/365)^365-1 -> 0.030968576 | J4: Binance | K4: =(1+$Q4)^(K1/365)-1 -> 0.00061961653 | L4: =(1+$Q4)^(L1/365)-1 -> 0.001239617 | M4: =(1+$Q4)^(M1/365)-1 -> 0.0026582038 | N4: =(1+$Q4)^(N1/365)-1 -> 0.0053234737 | O4: =(1+$Q4)^(O1/365)-1 -> 0.0079958284 | P4: 0.0323 | Q4: =(1+P4/365)^365-1 -> 0.032825831 | S4: Binance | T4: =(1+$Z4)^(T1/365)-1 -> 0.0006368861 | U4: =(1+$Z4)^(U1/365)-1 -> 0.0012741778 | V4: =(1+$Z4)^(V1/365)-1 -> 0.0027323692 | W4: =(1+$Z4)^(W1/365)-1 -> 0.0054722042 | X4: =(1+$Z4)^(X1/365)-1 -> 0.0082195254 | Y4: 0.0332 | Z4: =(1+Y4/365)^365-1 -> 0.033755709 | AB4: Binance | AC4: =((1+$AI4)^(AC1/365)-1)*365/AC1 -> 0.0298073 | AD4: =((1+$AI4)^(AD1/365)-1)*365/AD1 -> 0.02981582 | AE4: =((1+$AI4)^(AE1/365)-1)*365/AE1 -> 0.029835305 | AF4: =((1+$AI4)^(AF1/365)-1)*365/AF1 -> 0.029871887 | AG4: =((1+$AI4)^(AG1/365)-1)*365/AG1 -> 0.029908528 | AH4: 0.0298 | AI4: =(1+AH4/365)^365-1 -> 0.03024721 | AK4: Bybit | AL4: 0.031 | AM4: 0.03 | AN4: 0.044 | AO4: 0.057 | AP4: 0.0597 | AQ4: 0.0342 | AR4: =(1+AQ4/365)^365-1 -> 0.034789886
A5: Bybit | B5: 3.20% | C5: 3.20% | D5: 4.50% | E5: 5.10% | F5: 5.88% | G5: =3.49/100 -> 0.0349 | H5: =(1+G5/365)^365-1 -> 0.035514424 | J5: Bybit | K5: 0.039 | L5: 0.0345 | M5: 0.04 | N5: 0.0572 | O5: 0.0579 | P5: 0.0356 | Q5: =(1+P5/365)^365-1 -> 0.036239468 | S5: Bybit | T5: 0.032 | U5: 0.0399 | V5: 0.04 | W5: 0.0447 | X5: 0.051 | Y5: 0.0345 | Z5: =(1+Y5/365)^365-1 -> 0.035100341 | AB5: Bybit | AC5: ='Daily Data'!AT34 -> 0.03 | AD5: ='Daily Data'!AU34 -> 0.032 | AE5: ='Daily Data'!AV34 -> 0.042 | AF5: ='Daily Data'!AW34 -> 0.0438 | AG5: ='Daily Data'!AX34 -> 0.0649 | AH5: 0.0332 | AI5: =(1+AH5/365)^365-1 -> 0.033755709
B6: =(1+B8)^(365/7)-1 -> 0.030145392 | C6: =(1+C8)^(365/14)-1 -> 0.030145392 | D6: =(1+D8)^(365/30)-1 -> 0.030145392 | E6: =(1+E8)^(365/60)-1 -> 0.030145392 | F6: =(1+F8)^(365/90)-1 -> 0.030145392 | AK6: OKX | AL6: =((1+$AR6)^(AL1/365)-1)*365/AL1 -> 0.025005138 | AM6: =((1+$AR6)^(AM1/365)-1)*365/AM1 -> 0.025011133 | AN6: =((1+$AR6)^(AN1/365)-1)*365/AN1 -> 0.025024845 | AO6: =((1+$AR6)^(AO1/365)-1)*365/AO1 -> 0.025050581 | AP6: =((1+$AR6)^(AP1/365)-1)*365/AP1 -> 0.025076352 | AQ6: 0.025 | AR6: =(1+AQ6/365)^365-1 -> 0.025314243
B7: =B8*(365/7) -> 0.02970841 | C7: =C8*(365/14) -> 0.029716873 | D7: =D8*(365/30) -> 0.029736229 | E7: =E8*(365/60) -> 0.029772568 | F7: =F8*(365/90) -> 0.029808966 | K7: =K8*365/K1 -> 0.025005138 | L7: =L8*365/L1 -> 0.025011133 | M7: =M8*365/M1 -> 0.025024845 | N7: =N8*365/N1 -> 0.025050581 | O7: =O8*365/O1 -> 0.025076352 | T7: =T8*365/T1 -> 0.025005138 | U7: =U8*365/U1 -> 0.025011133 | V7: =V8*365/V1 -> 0.025024845 | W7: =W8*365/W1 -> 0.025050581 | X7: =X8*365/X1 -> 0.025076352
A8: OKX | B8: =(1+$H8)^(B1/365)-1 -> 0.00056975032 | C8: =(1+$H8)^(C1/365)-1 -> 0.0011398253 | D8: =(1+$H8)^(D1/365)-1 -> 0.0024440736 | E8: =(1+$H8)^(E1/365)-1 -> 0.0048941208 | F8: =(1+$H8)^(F1/365)-1 -> 0.007350156 | G8: =2.97/100 -> 0.0297 | H8: =(1+G8/8760)^8760-1 -> 0.030145392 | J8: OKX | K8: =(1+$Q8)^(K1/365)-1 -> 0.00047955058 | L8: =(1+$Q8)^(L1/365)-1 -> 0.00095933114 | M8: =(1+$Q8)^(M1/365)-1 -> 0.0020568365 | N8: =(1+$Q8)^(N1/365)-1 -> 0.0041179037 | O8: =(1+$Q8)^(O1/365)-1 -> 0.0061832101 | P8: 0.025 | Q8: =(1+P8/365)^365-1 -> 0.025314243 | S8: OKX | T8: =(1+$Z8)^(T1/365)-1 -> 0.00047955058 | U8: =(1+$Z8)^(U1/365)-1 -> 0.00095933114 | V8: =(1+$Z8)^(V1/365)-1 -> 0.0020568365 | W8: =(1+$Z8)^(W1/365)-1 -> 0.0041179037 | X8: =(1+$Z8)^(X1/365)-1 -> 0.0061832101 | Y8: 0.025 | Z8: =(1+Y8/365)^365-1 -> 0.025314243 | AB8: OKX | AC8: =((1+$AI8)^(AC1/365)-1)*365/AC1 -> 0.025005138 | AD8: =((1+$AI8)^(AD1/365)-1)*365/AD1 -> 0.025011133 | AE8: =((1+$AI8)^(AE1/365)-1)*365/AE1 -> 0.025024845 | AF8: =((1+$AI8)^(AF1/365)-1)*365/AF1 -> 0.025050581 | AG8: =((1+$AI8)^(AG1/365)-1)*365/AG1 -> 0.025076352 | AH8: 0.025 | AI8: =(1+AH8/365)^365-1 -> 0.025314243 | AK8: Gate I.O | AL8: 0.0376 | AM8: =((1+AR8)^(AM1/365)-1)*365/AM1 -> 0.030816899 | AN8: 0.0548 | AO8: =((1+$AR8)^(AO1/365)-1)*365/AO1 -> 0.030876796 | AP8: =((1+$AR8)^(AP1/365)-1)*365/AP1 -> 0.030915943 | AQ8: 0.0308 | AR8: =(1+AQ8/365)^365-1 -> 0.031277887
C9: =C10*(365/C1) -> 0.03071679 | E9: =E10*(365/E1) -> 0.030776298 | F9: =F10*(365/F1) -> 0.03081519 | L9: =L10*365/L1 -> 0.032618933 | N9: =N10*365/N1 -> 0.032686043 | O9: =O10*365/O1 -> 0.032729909 | U9: =U10*365/U1 -> 0.03111723 | W9: =W10*365/W1 -> 0.031178301 | X9: =X10*365/X1 -> 0.031218215
A10: Gate I.O | B10: 4.00% | C10: =(1+$H10)^(C1/365)-1 -> 0.0011781782 | D10: 5.48% | E10: =(1+$H10)^(E1/365)-1 -> 0.0050591175 | F10: =(1+$H10)^(F1/365)-1 -> 0.0075982661 | G10: =3.07/100 -> 0.0307 | H10: =(1+G10/365)^365-1 -> 0.031174773 | J10: Gate I.O | K10: 3.90% | L10: =(1+Q10)^(L1/365)-1 -> 0.0012511371 | M10: 5.48% | N10: =(1+Q10)^(N1/365)-1 -> 0.0053730481 | O10: =(1+Q10)^(O1/365)-1 -> 0.0080703886 | P10: 0.0326 | Q10: =(1+P10/365)^365-1 -> 0.033135698 | S10: Gate I.O | T10: 0.0386 | U10: =(1+Z10)^(U1/365)-1 -> 0.0011935376 | V10: 0.0548 | W10: =(1+$Z10)^(W1/365)-1 -> 0.0051252001 | X10: =(1+$Z10)^(X1/365)-1 -> 0.0076976422 | Y10: 0.0311 | Z10: =(1+Y10/365)^365-1 -> 0.031587291 | AB10: Gate I.O | AC10: 0.0376 | AD10: =((1+AI10)^(AD1/365)-1)*365/AD1 -> 0.030216247 | AE10: 0.0548 | AF10: =((1+$AI10)^(AF1/365)-1)*365/AF1 -> 0.030273831 | AG10: =((1+$AI10)^(AG1/365)-1)*365/AG1 -> 0.030311464 | AH10: 0.0302 | AI10: =(1+AH10/365)^365-1 -> 0.030659358
A12: 46078 | B12: 7 | C12: 14 | D12: 30 | E12: 60 | F12: 90 | G12: Flexible | H12: Annual | J12: 46088 | K12: 7 | L12: 14 | M12: 30 | N12: 60 | O12: 90 | P12: Flexible | Q12: Annual | S12: 46098 | T12: 7 | U12: 14 | V12: 30 | W12: 60 | X12: 90 | Y12: Flexible | Z12: Annual | AB12: 46108 | AC12: 7 | AD12: 14 | AE12: 30 | AF12: 60 | AG12: 90 | AH12: Flexible | AI12: Annual | AK12: 46118 | AL12: 7 | AM12: 14 | AN12: 30 | AO12: 60 | AP12: 90 | AQ12: Flexible | AR12: Annual
B13: =B14*(365/B12) -> 0.030407597 | C13: =C14*(365/C12) -> 0.030416463 | D13: =D14*(365/D12) -> 0.030436742 | E13: =E14*(365/E12) -> 0.030474813 | F13: =F14*(365/F12) -> 0.030512947 | K13: =K14*365/K12 -> 0.031808313 | L13: =L14*365/L12 -> 0.031818015 | M13: =M14*365/M12 -> 0.031840205 | N13: =N14*365/N12 -> 0.031881868 | O13: =O14*365/O12 -> 0.031923604 | T13: =T14*365/T12 -> 0.033509225 | U13: =U14*365/U12 -> 0.033519993 | V13: =V14*365/V12 -> 0.033544621 | W13: =W14*365/W12 -> 0.033590864 | X13: =X14*365/X12 -> 0.033637191
A14: Binance | B14: =(1+$H14)^(B12/365)-1 -> 0.00058315939 | C14: =(1+$H14)^(C12/365)-1 -> 0.0011666589 | D14: =(1+$H14)^(D12/365)-1 -> 0.00250165 | E14: =(1+$H14)^(E12/365)-1 -> 0.0050095583 | F14: =(1+$H14)^(F12/365)-1 -> 0.0075237404 | G14: 0.0304 | H14: =(1+G14/365)^365-1 -> 0.030865493 | J14: Binance | K14: =(1+$Q14)^(K12/365)-1 -> 0.00061002244 | L14: =(1+$Q14)^(L12/365)-1 -> 0.001220417 | M14: =(1+$Q14)^(M12/365)-1 -> 0.0026170032 | N14: =(1+$Q14)^(N12/365)-1 -> 0.005240855 | O14: =(1+$Q14)^(O12/365)-1 -> 0.0078715735 | P14: 0.0318 | Q14: =(1+P14/365)^365-1 -> 0.032309593 | S14: Binance | T14: =(1+$Z14)^(T12/365)-1 -> 0.00064264268 | U14: =(1+$Z14)^(U12/365)-1 -> 0.0012856983 | V14: =(1+$Z14)^(V12/365)-1 -> 0.0027570921 | W14: =(1+$Z14)^(W12/365)-1 -> 0.0055217858 | X14: =(1+$Z14)^(X12/365)-1 -> 0.008294102 | Y14: 0.0335 | Z14: =(1+Y14/365)^365-1 -> 0.034065854 | AB14: Binance | AC14: =((1+$AI14)^(AC12/365)-1)*365/AC12 -> 0.029907349 | AD14: =((1+$AI14)^(AD12/365)-1)*365/AD12 -> 0.029915926 | AE14: =((1+$AI14)^(AE12/365)-1)*365/AE12 -> 0.029935543 | AF14: =((1+$AI14)^(AF12/365)-1)*365/AF12 -> 0.02997237 | AG14: =((1+$AI14)^(AG12/365)-1)*365/AG12 -> 0.030009258 | AH14: 0.0299 | AI14: =(1+AH14/365)^365-1 -> 0.030350232 | AK14: Binance | AL14: =((1+$AR14)^(AL12/365)-1)*365/AL12 -> 0.0310079 | AM14: =((1+$AR14)^(AM12/365)-1)*365/AM12 -> 0.03101712 | AN14: =((1+$AR14)^(AN12/365)-1)*365/AN12 -> 0.031038207 | AO14: =((1+$AR14)^(AO12/365)-1)*365/AO12 -> 0.031077798 | AP14: =((1+$AR14)^(AP12/365)-1)*365/AP12 -> 0.031117455 | AQ14: 0.031 | AR14: =(1+AQ14/365)^365-1 -> 0.031484146
AK15: Bybit | AL15: 0.031 | AM15: 0.03 | AN15: 0.044 | AO15: 0.057 | AP15: 0.0597 | AQ15: 0.0342 | AR15: =(1+AQ15/365)^365-1 -> 0.034789886
A16: Bybit | B16: 3.00% | C16: 3.15% | D16: 4.39% | E16: 4.99% | F16: 5.85% | G16: 0.0344 | H16: =(1+G16/365)^365-1 -> 0.034996846 | J16: Bybit | K16: 0.0363 | L16: 0.04 | M16: 0.042 | N16: 0.0573 | O16: 0.058 | P16: 0.0356 | Q16: =(1+P16/365)^365-1 -> 0.036239468 | S16: Bybit | T16: 0.03 | U16: 0.0394 | V16: 0.042 | W16: 0.0439 | X16: 0.0507 | Y16: 0.0385 | Z16: =(1+Y16/365)^365-1 -> 0.039248618 | AB16: Bybit | AC16: ='Daily Data'!AT35 -> 0.03 | AD16: ='Daily Data'!AU35 -> 0.033 | AE16: ='Daily Data'!AV35 -> 0.0349 | AF16: ='Daily Data'!AW35 -> 0.044 | AG16: ='Daily Data'!AX35 -> 0.0565 | AH16: 0.0338 | AI16: =(1+AH16/365)^365-1 -> 0.034376092
B17: =B18*365/B12 -> 0.030007398 | C17: =C18*365/C12 -> 0.030016033 | D17: =D18*365/D12 -> 0.030035781 | E17: =E18*365/E12 -> 0.030072855 | F17: =F18*365/F12 -> 0.030109991 | K17: =K18*365/K12 -> 0.025005138 | L17: =L18*365/L12 -> 0.025011133 | M17: =M18*365/M12 -> 0.025024845 | N17: =N18*365/N12 -> 0.025050581 | O17: =O18*365/O12 -> 0.025076352 | T17: =(T18*365/T12) -> 0.025005138 | U17: =(U18*365/U12) -> 0.025011133 | V17: =(V18*365/V12) -> 0.025024845 | W17: =(W18*365/W12) -> 0.025050581 | X17: =(X18*365/X12) -> 0.025076352 | AK17: OKX | AL17: =((1+$AR17)^(AL12/365)-1)*365/AL12 -> 0.025005138 | AM17: =((1+$AR17)^(AM12/365)-1)*365/AM12 -> 0.025011133 | AN17: =((1+$AR17)^(AN12/365)-1)*365/AN12 -> 0.025024845 | AO17: =((1+$AR17)^(AO12/365)-1)*365/AO12 -> 0.025050581 | AP17: =((1+$AR17)^(AP12/365)-1)*365/AP12 -> 0.025076352 | AQ17: 0.025 | AR17: =(1+AQ17/365)^365-1 -> 0.025314243
A18: OKX | B18: =(1+$H18)^(B12/365)-1 -> 0.00057548435 | C18: =(1+$H18)^(C12/365)-1 -> 0.0011512999 | D18: =(1+$H18)^(D12/365)-1 -> 0.0024686943 | E18: =(1+$H18)^(E12/365)-1 -> 0.0049434831 | F18: =(1+$H18)^(F12/365)-1 -> 0.0074243814 | G18: 0.03 | H18: =(1+G18/365)^365-1 -> 0.030453264 | J18: OKX | K18: =(1+$Q18)^(K12/365)-1 -> 0.00047955058 | L18: =(1+$Q18)^(L12/365)-1 -> 0.00095933114 | M18: =(1+$Q18)^(M12/365)-1 -> 0.0020568365 | N18: =(1+$Q18)^(N12/365)-1 -> 0.0041179037 | O18: =(1+$Q18)^(O12/365)-1 -> 0.0061832101 | P18: 0.025 | Q18: =(1+P18/365)^365-1 -> 0.025314243 | S18: OKX | T18: =(1+$Z18)^(T12/365)-1 -> 0.00047955058 | U18: =(1+$Z18)^(U12/365)-1 -> 0.00095933114 | V18: =(1+$Z18)^(V12/365)-1 -> 0.0020568365 | W18: =(1+$Z18)^(W12/365)-1 -> 0.0041179037 | X18: =(1+$Z18)^(X12/365)-1 -> 0.0061832101 | Y18: 0.025 | Z18: =(1+Y18/365)^365-1 -> 0.025314243 | AB18: OKX | AC18: =((1+$AI18)^(AC12/365)-1)*365/AC12 -> 0.025005138 | AD18: =((1+$AI18)^(AD12/365)-1)*365/AD12 -> 0.025011133 | AE18: =((1+$AI18)^(AE12/365)-1)*365/AE12 -> 0.025024845 | AF18: =((1+$AI18)^(AF12/365)-1)*365/AF12 -> 0.025050581 | AG18: =((1+$AI18)^(AG12/365)-1)*365/AG12 -> 0.025076352 | AH18: 0.025 | AI18: =(1+AH18/365)^365-1 -> 0.025314243
C19: =C20*365/C12 -> 0.03071679 | E19: =E20*365/E12 -> 0.030776298 | F19: =F20*365/90 -> 0.03081519 | L19: =L20*365/L12 -> 0.032318586 | N19: =N20*365/N12 -> 0.032384465 | O19: =O20*365/O12 -> 0.032427526 | U19: =U20*365/U12 -> 0.03111723 | W19: =W20*365/W12 -> 0.031178301 | X19: =X20*365/X12 -> 0.031218215 | AK19: Gate I.O | AL19: 0.0376 | AM19: =((1+AR19)^(AM12/365)-1)*365/AM12 -> 0.030816899 | AN19: 0.0548 | AO19: =((1+$AR19)^(AO12/365)-1)*365/AO12 -> 0.030876796 | AP19: =((1+$AR19)^(AP12/365)-1)*365/AP12 -> 0.030915943 | AQ19: 0.0308 | AR19: =(1+AQ19/365)^365-1 -> 0.031277887
A20: Gate I.O | B20: 4.00% | C20: =(1+$H20)^(C12/365)-1 -> 0.0011781782 | D20: 5.48% | E20: =(1+$H20)^(E12/365)-1 -> 0.0050591175 | F20: =(1+$H20)^(F12/365)-1 -> 0.0075982661 | G20: 0.0307 | H20: =(1+G20/365)^365-1 -> 0.031174773 | J20: Gate I.O | K20: 3.86% | L20: =(1+Q20)^(L12/365)-1 -> 0.001239617 | M20: 5.48% | N20: =(1+Q20)^(N12/365)-1 -> 0.0053234737 | O20: =(1+Q20)^(90/365)-1 -> 0.0079958284 | P20: 0.0323 | Q20: =(1+P20/365)^365-1 -> 0.032825831 | S20: Gate I.O | T20: 0.0386 | U20: =(1+Z20)^(U12/365)-1 -> 0.0011935376 | V20: 0.0548 | W20: =(1+Z20)^(W12/365)-1 -> 0.0051252001 | X20: =(1+Z20)^(X12/365)-1 -> 0.0076976422 | Y20: 0.0311 | Z20: =(1+Y20/365)^365-1 -> 0.031587291 | AB20: Gate I.O | AC20: 0.0376 | AD20: =((1+AI20)^(AD12/365)-1)*365/AD12 -> 0.030216247 | AE20: 0.0548 | AF20: =((1+$AI20)^(AF12/365)-1)*365/AF12 -> 0.030273831 | AG20: =((1+$AI20)^(AG12/365)-1)*365/AG12 -> 0.030311464 | AH20: 0.0302 | AI20: =(1+AH20/365)^365-1 -> 0.030659358
A22: 46079 | B22: 7 | C22: 14 | D22: 30 | E22: 60 | F22: 90 | G22: Flexible | H22: Annual | J22: 46089 | K22: 7 | L22: 14 | M22: 30 | N22: 60 | O22: 90 | P22: Flexible | Q22: Annual | S22: 46099 | T22: 7 | U22: 14 | V22: 30 | W22: 60 | X22: 90 | Y22: Flexible | Z22: Annual | AB22: 46109 | AC22: 7 | AD22: 14 | AE22: 30 | AF22: 60 | AG22: 90 | AH22: Flexible | AI22: Annual | AK22: 46119 | AL22: 7 | AM22: 14 | AN22: 30 | AO22: 60 | AP22: 90 | AQ22: Flexible | AR22: Annual
B23: =B24*(365/B22) -> 0.031908365 | C23: =C24*(365/C22) -> 0.031918128 | D23: =D24*(365/D22) -> 0.031940459 | E23: =E24*(365/E22) -> 0.031982384 | F23: =F24*(365/F22) -> 0.032024383 | K23: =K24*365/K22 -> 0.030707748 | L23: =L24*365/L22 -> 0.03071679 | M23: =M24*365/M22 -> 0.030737471 | N23: =N24*365/N22 -> 0.030776298 | O23: =O24*365/O22 -> 0.03081519 | T23: =T24*365/T22 -> 0.032308576 | U23: =U24*365/U22 -> 0.032318586 | V23: =V24*365/V22 -> 0.03234148 | W23: =W24*365/W22 -> 0.032384465 | X23: =X24*365/X22 -> 0.032427526
A24: Binance | B24: =(1+$H24)^(B22/365)-1 -> 0.00061194125 | C24: =(1+$H24)^(C22/365)-1 -> 0.001224257 | D24: =(1+$H24)^(D22/365)-1 -> 0.0026252432 | E24: =(1+$H24)^(E22/365)-1 -> 0.0052573782 | F24: =(1+$H24)^(F22/365)-1 -> 0.0078964233 | G24: 0.0319 | H24: =(1+G24/365)^365-1 -> 0.03241282 | J24: Binance | K24: =(1+$Q24)^(K22/365)-1 -> 0.00058891571 | L24: =(1+$Q24)^(L22/365)-1 -> 0.0011781782 | M24: =(1+$Q24)^(M22/365)-1 -> 0.0025263675 | N24: =(1+$Q24)^(N22/365)-1 -> 0.0050591175 | O24: =(1+$Q24)^(O22/365)-1 -> 0.0075982661 | P24: 0.0307 | Q24: =(1+P24/365)^365-1 -> 0.031174773 | S24: Binance | T24: =(1+$Z24)^(T22/365)-1 -> 0.00061961653 | U24: =(1+$Z24)^(U22/365)-1 -> 0.001239617 | V24: =(1+$Z24)^(V22/365)-1 -> 0.0026582038 | W24: =(1+$Z24)^(W22/365)-1 -> 0.0053234737 | X24: =(1+$Z24)^(X22/365)-1 -> 0.0079958284 | Y24: 0.0323 | Z24: =(1+Y24/365)^365-1 -> 0.032825831 | AB24: Binance | AC24: =((1+$AI24)^(AC22/365)-1)*365/AC22 -> 0.0298073 | AD24: =((1+$AI24)^(AD22/365)-1)*365/AD22 -> 0.02981582 | AE24: =((1+$AI24)^(AE22/365)-1)*365/AE22 -> 0.029835305 | AF24: =((1+$AI24)^(AF22/365)-1)*365/AF22 -> 0.029871887 | AG24: =((1+$AI24)^(AG22/365)-1)*365/AG22 -> 0.029908528 | AH24: 0.0298 | AI24: =(1+AH24/365)^365-1 -> 0.03024721 | AK24: Binance | AL24: =((1+$AR24)^(AL22/365)-1)*365/AL22 -> 0.031208002 | AM24: =((1+$AR24)^(AM22/365)-1)*365/AM22 -> 0.031217341 | AN24: =((1+$AR24)^(AN22/365)-1)*365/AN22 -> 0.031238702 | AO24: =((1+$AR24)^(AO22/365)-1)*365/AO22 -> 0.031278805 | AP24: =((1+$AR24)^(AP22/365)-1)*365/AP22 -> 0.031318978 | AQ24: 0.0312 | AR24: =(1+AQ24/365)^365-1 -> 0.031690446
AK25: Bybit | AL25: 0.0339 | AM25: 0.034 | AN25: 0.0439 | AO25: 0.04 | AP25: 0.05 | AQ25: 0.0353 | AR25: =(1+AQ25/365)^365-1 -> 0.035928673
A26: Bybit | B26: 0.033 | C26: 0.034 | D26: 0.043 | E26: 0.05 | F26: 0.0585 | G26: 0.035 | H26: =(1+G26/365)^365-1 -> 0.035617971 | J26: Bybit | K26: 0.0375 | L26: 0.0409 | M26: 0.042 | N26: 0.0573 | O26: 0.058 | P26: 0.0354 | Q26: =(1+P26/365)^365-1 -> 0.036032261 | S26: Bybit | T26: ='Daily Data'!AT26 -> 0.035 | U26: ='Daily Data'!AU26 -> 0.042 | V26: ='Daily Data'!AV26 -> 0.04 | W26: ='Daily Data'!AW26 -> 0.042 | X26: ='Daily Data'!AX26 -> 0.0505 | Y26: 0.0357 | Z26: =(1+Y26/365)^365-1 -> 0.036343087 | AB26: Bybit | AC26: ='Daily Data'!AT36 -> 0.03 | AD26: ='Daily Data'!AU36 -> 0.033 | AE26: ='Daily Data'!AV36 -> 0.026 | AF26: ='Daily Data'!AW36 -> 0.044 | AG26: ='Daily Data'!AX36 -> 0.0261 | AH26: 0.0339 | AI26: =(1+AH26/365)^365-1 -> 0.034479525
B27: =B28*365/B22 -> 0.025005138 | C27: =C28*365/C22 -> 0.025011133 | D27: =D28*365/D22 -> 0.025024845 | E27: =E28*365/E22 -> 0.025050581 | F27: =F28*365/F22 -> 0.025076352 | K27: =K28*365/K22 -> 0.025005138 | L27: =L28*365/L22 -> 0.025011133 | M27: =M28*365/M22 -> 0.025024845 | N27: =N28*365/N22 -> 0.025050581 | O27: =O28*365/O22 -> 0.025076352 | T27: =T28*365/T22 -> 0.025005138 | U27: =U28*365/U22 -> 0.025011133 | V27: =V28*365/V22 -> 0.025024845 | W27: =W28*365/W22 -> 0.025050581 | X27: =X28*365/X22 -> 0.025076352 | AK27: OKX | AL27: =((1+$AR27)^(AL22/365)-1)*365/AL22 -> 0.025005138 | AM27: =((1+$AR27)^(AM22/365)-1)*365/AM22 -> 0.025011133 | AN27: =((1+$AR27)^(AN22/365)-1)*365/AN22 -> 0.025024845 | AO27: =((1+$AR27)^(AO22/365)-1)*365/AO22 -> 0.025050581 | AP27: =((1+$AR27)^(AP22/365)-1)*365/AP22 -> 0.025076352 | AQ27: 0.025 | AR27: =(1+AQ27/365)^365-1 -> 0.025314243
A28: OKX | B28: =(1+$H28)^(B22/365)-1 -> 0.00047955058 | C28: =(1+$H28)^(C22/365)-1 -> 0.00095933114 | D28: =(1+$H28)^(D22/365)-1 -> 0.0020568365 | E28: =(1+$H28)^(E22/365)-1 -> 0.0041179037 | F28: =(1+$H28)^(F22/365)-1 -> 0.0061832101 | G28: 0.025 | H28: =(1+G28/365)^365-1 -> 0.025314243 | J28: OKX | K28: =(1+$Q28)^(K22/365)-1 -> 0.00047955058 | L28: =(1+$Q28)^(L22/365)-1 -> 0.00095933114 | M28: =(1+$Q28)^(M22/365)-1 -> 0.0020568365 | N28: =(1+$Q28)^(N22/365)-1 -> 0.0041179037 | O28: =(1+$Q28)^(O22/365)-1 -> 0.0061832101 | P28: 0.025 | Q28: =(1+P28/365)^365-1 -> 0.025314243 | S28: OKX | T28: =(1+$Z28)^(T22/365)-1 -> 0.00047955058 | U28: =(1+$Z28)^(U22/365)-1 -> 0.00095933114 | V28: =(1+$Z28)^(V22/365)-1 -> 0.0020568365 | W28: =(1+$Z28)^(W22/365)-1 -> 0.0041179037 | X28: =(1+$Z28)^(X22/365)-1 -> 0.0061832101 | Y28: 0.025 | Z28: =(1+Y28/365)^365-1 -> 0.025314243 | AB28: OKX | AC28: =((1+$AI28)^(AC22/365)-1)*365/AC22 -> 0.025005138 | AD28: =((1+$AI28)^(AD22/365)-1)*365/AD22 -> 0.025011133 | AE28: =((1+$AI28)^(AE22/365)-1)*365/AE22 -> 0.025024845 | AF28: =((1+$AI28)^(AF22/365)-1)*365/AF22 -> 0.025050581 | AG28: =((1+$AI28)^(AG22/365)-1)*365/AG22 -> 0.025076352 | AH28: 0.025 | AI28: =(1+AH28/365)^365-1 -> 0.025314243
C29: =C30*(365/C22) -> 0.03071679 | E29: =E30*(365/E22) -> 0.030776298 | F29: =F30*(365/90) -> 0.03081519 | L29: =L30*365/L22 -> 0.032318586 | N29: =N30*365/N22 -> 0.032384465 | O29: =O30*365/O22 -> 0.032427526 | U29: =U30*365/U22 -> 0.031217341 | W29: =W30*365/W22 -> 0.031278805 | X29: =X30*365/X22 -> 0.031318978 | AK29: Gate I.O | AL29: 0.0386 | AM29: =((1+AR29)^(AM22/365)-1)*365/AM22 -> 0.032218471 | AN29: 0.0548 | AO29: =((1+$AR29)^(AO22/365)-1)*365/AO22 -> 0.032283943 | AP29: =((1+$AR29)^(AP22/365)-1)*365/AP22 -> 0.032326737 | AQ29: 0.0322 | AR29: =(1+AQ29/365)^365-1 -> 0.032722563
A30: Gate I.O | B30: 0.0398 | C30: =(1+$H30)^(C22/365)-1 -> 0.0011781782 | D30: 0.0548 | E30: =(1+H30)^(E22/365)-1 -> 0.0050591175 | F30: =(1+H30)^(F22/365)-1 -> 0.0075982661 | G30: 0.0307 | H30: =(1+G30/365)^365-1 -> 0.031174773 | J30: Gate I.O | K30: 3.86% | L30: =(1+Q30)^(L22/365)-1 -> 0.001239617 | M30: 5.48% | N30: =(1+Q30)^(N22/365)-1 -> 0.0053234737 | O30: =(1+Q30)^(O22/365)-1 -> 0.0079958284 | P30: 0.0323 | Q30: =(1+P30/365)^365-1 -> 0.032825831 | S30: Gate I.O | T30: 0.0376 | U30: =(1+Z30)^(U22/365)-1 -> 0.0011973775 | V30: 0.0548 | W30: =(1+Z30)^(W22/365)-1 -> 0.0051417214 | X30: =(1+Z30)^(X22/365)-1 -> 0.0077224877 | Y30: 0.0312 | Z30: =(1+Y30/365)^365-1 -> 0.031690446 | AB30: Gate I.O | AC30: 0.0386 | AD30: =((1+AI30)^(AD22/365)-1)*365/AD22 -> 0.02981582 | AE30: 0.0548 | AF30: =((1+$AI30)^(AF22/365)-1)*365/AF22 -> 0.029871887 | AG30: =((1+$AI30)^(AG22/365)-1)*365/AG22 -> 0.029908528 | AH30: 0.0298 | AI30: =(1+AH30/365)^365-1 -> 0.03024721
A32: 46080 | B32: 7 | C32: 14 | D32: 30 | E32: 60 | F32: 90 | G32: Flexible | H32: Annual | J32: 46090 | K32: 7 | L32: 14 | M32: 30 | N32: 60 | O32: 90 | P32: Flexible | Q32: Annual | S32: 46100 | T32: 7 | U32: 14 | V32: 30 | W32: 60 | X32: 90 | Y32: Flexible | Z32: Annual | AB32: 46110 | AC32: 7 | AD32: 14 | AE32: 30 | AF32: 60 | AG32: 90 | AH32: Flexible | AI32: Annual | AK32: 46120 | AL32: 7 | AM32: 14 | AN32: 30 | AO32: 60 | AP32: 90 | AQ32: Flexible | AR32: Annual
B33: =B34*(365/B32) -> 0.032208523 | C33: =C34*(365/C32) -> 0.032218471 | D33: =D34*(365/D32) -> 0.032241223 | E33: =E34*(365/E32) -> 0.032283943 | F33: =F34*(365/F32) -> 0.032326737 | K33: =K34*365/K32 -> 0.0310079 | L33: =L34*365/L32 -> 0.03101712 | M33: =M34*365/M32 -> 0.031038207 | N33: =N34*365/N32 -> 0.031077798 | O33: =O34*365/O32 -> 0.031117455 | T33: =T34*365/T32 -> 0.030507647 | U33: =U34*365/U32 -> 0.030516572 | V33: =V34*365/V32 -> 0.030536984 | W33: =W34*365/W32 -> 0.030575306 | X33: =X34*365/X32 -> 0.030613693
A34: Binance | B34: =(1+$H34)^(B32/365)-1 -> 0.00061769771 | C34: =(1+$H34)^(C32/365)-1 -> 0.001235777 | D34: =(1+$H34)^(D32/365)-1 -> 0.0026499636 | E34: =(1+$H34)^(E32/365)-1 -> 0.0053069495 | F34: =(1+$H34)^(F32/365)-1 -> 0.0079709762 | G34: 0.0322 | H34: =(1+G34/365)^365-1 -> 0.032722563 | J34: Binance | K34: =(1+$Q34)^(K32/365)-1 -> 0.00059467205 | L34: =(1+$Q34)^(L32/365)-1 -> 0.0011896977 | M34: =(1+$Q34)^(M32/365)-1 -> 0.0025510855 | N34: =(1+$Q34)^(N32/365)-1 -> 0.005108679 | O34: =(1+$Q34)^(O32/365)-1 -> 0.0076727972 | P34: 0.031 | Q34: =(1+P34/365)^365-1 -> 0.031484146 | S34: Binance | T34: =(1+$Z34)^(T32/365)-1 -> 0.00058507816 | U34: =(1+$Z34)^(U32/365)-1 -> 0.0011704986 | V34: =(1+$Z34)^(V32/365)-1 -> 0.0025098891 | W34: =(1+$Z34)^(W32/365)-1 -> 0.0050260777 | X34: =(1+$Z34)^(X32/365)-1 -> 0.0075485817 | Y34: 0.0305 | Z34: =(1+Y34/365)^365-1 -> 0.030968576 | AB34: Binance | AC34: =((1+$AI34)^(AC32/365)-1)*365/AC32 -> 0.029907349 | AD34: =((1+$AI34)^(AD32/365)-1)*365/AD32 -> 0.029915926 | AE34: =((1+$AI34)^(AE32/365)-1)*365/AE32 -> 0.029935543 | AF34: =((1+$AI34)^(AF32/365)-1)*365/AF32 -> 0.02997237 | AG34: =((1+$AI34)^(AG32/365)-1)*365/AG32 -> 0.030009258 | AH34: 0.0299 | AI34: =(1+AH34/365)^365-1 -> 0.030350232 | AK34: Binance | AL34: =((1+$AR34)^(AL32/365)-1)*365/AL32 -> 0.033609281 | AM34: =((1+$AR34)^(AM32/365)-1)*365/AM32 -> 0.033620112 | AN34: =((1+$AR34)^(AN32/365)-1)*365/AN32 -> 0.033644888 | AO34: =((1+$AR34)^(AO32/365)-1)*365/AO32 -> 0.033691407 | AP34: =((1+$AR34)^(AP32/365)-1)*365/AP32 -> 0.033738013 | AQ34: 0.0336 | AR34: =(1+AQ34/365)^365-1 -> 0.034169256
AK35: Bybit | AL35: 0.0339 | AM35: 0.0349 | AN35: 0.0439 | AO35: 0.044 | AP35: 0.065 | AQ35: 0.0368 | AR35: =(1+AQ35/365)^365-1 -> 0.037483578
A36: Bybit | B36: 0.03 | C36: 0.034 | D36: 0.0434 | E36: 0.05 | F36: 0.0547 | G36: 0.0354 | H36: =(1+G36/365)^365-1 -> 0.036032261 | J36: Bybit | K36: 0.032 | L36: 0.0409 | M36: 0.038 | N36: 0.05 | O36: 0.0524 | P36: 0.0344 | Q36: =(1+P36/365)^365-1 -> 0.034996846 | S36: Bybit | T36: ='Daily Data'!AT27 -> 0.0342 | U36: ='Daily Data'!AU27 -> 0.042 | V36: ='Daily Data'!AV27 -> 0.035 | W36: ='Daily Data'!AW27 -> 0.044 | X36: ='Daily Data'!AX27 -> 0.0507 | Y36: 0.0343 | Z36: =(1+Y36/365)^365-1 -> 0.034893361 | AB36: Bybit | AC36: 0.03 | AD36: 0.033 | AE36: 0.032 | AF36: 0.044 | AG36: 0.056 | AH36: 0.033 | AI36: =(1+AH36/365)^365-1 -> 0.033548998
B37: =B38*(365/B32) -> 0.025005138 | C37: =C38*(365/C32) -> 0.025011133 | D37: =D38*(365/D32) -> 0.025024845 | E37: =E38*(365/E32) -> 0.025050581 | F37: =F38*(365/F32) -> 0.025076352 | K37: =K38*365/K32 -> 0.025005138 | L37: =L38*365/L32 -> 0.025011133 | M37: =M38*365/M32 -> 0.025024845 | N37: =N38*365/N32 -> 0.025050581 | O37: =O38*365/O32 -> 0.025076352 | AK37: OKX | AL37: =((1+$AR37)^(AL32/365)-1)*365/AL32 -> 0.025005138 | AM37: =((1+$AR37)^(AM32/365)-1)*365/AM32 -> 0.025011133 | AN37: =((1+$AR37)^(AN32/365)-1)*365/AN32 -> 0.025024845 | AO37: =((1+$AR37)^(AO32/365)-1)*365/AO32 -> 0.025050581 | AP37: =((1+$AR37)^(AP32/365)-1)*365/AP32 -> 0.025076352 | AQ37: 0.025 | AR37: =(1+AQ37/365)^365-1 -> 0.025314243
A38: OKX | B38: =(1+$H38)^(B32/365)-1 -> 0.00047955058 | C38: =(1+$H38)^(C32/365)-1 -> 0.00095933114 | D38: =(1+$H38)^(D32/365)-1 -> 0.0020568365 | E38: =(1+$H38)^(E32/365)-1 -> 0.0041179037 | F38: =(1+$H38)^(F32/365)-1 -> 0.0061832101 | G38: 0.025 | H38: =(1+G38/365)^365-1 -> 0.025314243 | J38: OKX | K38: =(1+$Q38)^(K32/365)-1 -> 0.00047955058 | L38: =(1+$Q38)^(L32/365)-1 -> 0.00095933114 | M38: =(1+$Q38)^(M32/365)-1 -> 0.0020568365 | N38: =(1+$Q38)^(N32/365)-1 -> 0.0041179037 | O38: =(1+$Q38)^(O32/365)-1 -> 0.0061832101 | P38: 0.025 | Q38: =(1+P38/365)^365-1 -> 0.025314243 | S38: OKX | T38: =((1+$Z38)^(T32/365)-1)*365/T32 -> 0.025005138 | U38: =((1+$Z38)^(U32/365)-1)*365/U32 -> 0.025011133 | V38: =((1+$Z38)^(V32/365)-1)*365/V32 -> 0.025024845 | W38: =((1+$Z38)^(W32/365)-1)*365/W32 -> 0.025050581 | X38: =((1+$Z38)^(X32/365)-1)*365/X32 -> 0.025076352 | Y38: 0.025 | Z38: =(1+Y38/365)^365-1 -> 0.025314243 | AB38: OKX | AC38: =((1+$AI38)^(AC32/365)-1)*365/AC32 -> 0.025005138 | AD38: =((1+$AI38)^(AD32/365)-1)*365/AD32 -> 0.025011133 | AE38: =((1+$AI38)^(AE32/365)-1)*365/AE32 -> 0.025024845 | AF38: =((1+$AI38)^(AF32/365)-1)*365/AF32 -> 0.025050581 | AG38: =((1+$AI38)^(AG32/365)-1)*365/AG32 -> 0.025076352 | AH38: 0.025 | AI38: =(1+AH38/365)^365-1 -> 0.025314243
C39: =C40*365/C32 -> 0.030416463 | E39: =E40*365/E32 -> 0.030474813 | F39: =F40*365/F32 -> 0.030512947 | L39: =L40*365/L32 -> 0.031417564 | N39: =N40*365/N32 -> 0.03147982 | O39: =O40*365/O32 -> 0.03152051 | AK39: Gate I.O | AL39: 0.0402 | AM39: =((1+AR39)^(AM32/365)-1)*365/AM32 -> 0.033620112 | AN39: 0.0548 | AO39: =((1+$AR39)^(AO32/365)-1)*365/AO32 -> 0.033691407 | AP39: =((1+$AR39)^(AP32/365)-1)*365/AP32 -> 0.033738013 | AQ39: 0.0336 | AR39: =(1+AQ39/365)^365-1 -> 0.034169256
A40: Gate I.O | B40: 0.04 | C40: =(1+H40)^(C32/365)-1 -> 0.0011666589 | D40: 0.0548 | E40: =(1+H40)^(E32/365)-1 -> 0.0050095583 | F40: =(1+H40)^(F32/365)-1 -> 0.0075237404 | G40: 0.0304 | H40: =(1+G40/365)^365-1 -> 0.030865493 | J40: Gate I.O | K40: 0.0386 | L40: =(1+Q40)^(L32/365)-1 -> 0.0012050573 | M40: 0.0548 | N40: =(1+Q40)^(N32/365)-1 -> 0.0051747649 | O40: =(1+Q40)^(O32/365)-1 -> 0.0077721805 | P40: 0.0314 | Q40: =(1+P40/365)^365-1 -> 0.031896787 | S40: Gate I.O | T40: 0.0386 | U40: =((1+Z40)^(U32/365)-1)*365/U32 -> 0.031217341 | V40: 0.0548 | W40: =((1+$Z40)^(W32/365)-1)*365/W32 -> 0.031278805 | X40: =((1+$Z40)^(X32/365)-1)*365/X32 -> 0.031318978 | Y40: 0.0312 | Z40: =(1+Y40/365)^365-1 -> 0.031690446 | AB40: Gate I.O | AC40: 0.0376 | AD40: =((1+AI40)^(AD32/365)-1)*365/AD32 -> 0.029715714 | AE40: 0.0548 | AF40: =((1+$AI40)^(AF32/365)-1)*365/AF32 -> 0.029771404 | AG40: =((1+$AI40)^(AG32/365)-1)*365/AG32 -> 0.0298078 | AH40: 0.0297 | AI40: =(1+AH40/365)^365-1 -> 0.030144199
A42: 46081 | B42: 7 | C42: 14 | D42: 30 | E42: 60 | F42: 90 | G42: Flexible | H42: Annual | J42: 46091 | K42: 7 | L42: 14 | M42: 30 | N42: 60 | O42: 90 | P42: Flexible | Q42: Annual | S42: 46101 | T42: 7 | U42: 14 | V42: 30 | W42: 60 | X42: 90 | Y42: Flexible | Z42: Annual | AB42: 46111 | AC42: 7 | AD42: 14 | AE42: 30 | AF42: 60 | AG42: 90 | AH42: Flexible | AI42: Annual | AK42: 46121 | AL42: 7 | AM42: 14 | AN42: 30 | AO42: 60 | AP42: 90 | AQ42: Flexible | AR42: Annual
B43: =B44*(365/B42) -> 0.031308053 | C43: =C44*(365/C42) -> 0.031317453 | D43: =D44*(365/D42) -> 0.03133895 | E43: =E44*(365/E42) -> 0.031379312 | F43: =F44*(365/F42) -> 0.031419743 | K43: =K44*365/K42 -> 0.030207497 | L43: =L44*365/L42 -> 0.030216247 | M43: =M44*365/M42 -> 0.03023626 | N43: =N44*365/N42 -> 0.030273831 | O43: =O44*365/O42 -> 0.030311464
A44: Binance | B44: =(1+$H44)^(B42/365)-1 -> 0.00060042842 | C44: =(1+$H44)^(C42/365)-1 -> 0.0012012174 | D44: =(1+$H44)^(D42/365)-1 -> 0.0025758041 | E44: =(1+$H44)^(E42/365)-1 -> 0.005158243 | F44: =(1+$H44)^(F42/365)-1 -> 0.0077473338 | G44: 0.0313 | H44: =(1+G44/365)^365-1 -> 0.031793611 | J44: Binance | K44: =(1+$Q44)^(K42/365)-1 -> 0.00057932187 | L44: =(1+$Q44)^(L42/365)-1 -> 0.0011589793 | M44: =(1+$Q44)^(M42/365)-1 -> 0.002485172 | N44: =(1+$Q44)^(N42/365)-1 -> 0.0049765201 | O44: =(1+$Q44)^(O42/365)-1 -> 0.0074740597 | P44: 0.0302 | Q44: =(1+P44/365)^365-1 -> 0.030659358 | S44: Binance | T44: =((1+$Z44)^(T42/365)-1)*365/T42 -> 0.028706771 | U44: =((1+$Z44)^(U42/365)-1)*365/U42 -> 0.028714673 | V44: =((1+$Z44)^(V42/365)-1)*365/V42 -> 0.028732746 | W44: =((1+$Z44)^(W42/365)-1)*365/W42 -> 0.028766674 | X44: =((1+$Z44)^(X42/365)-1)*365/X42 -> 0.028800654 | Y44: 0.0287 | Z44: =(1+Y44/365)^365-1 -> 0.029114652 | AB44: Binance | AC44: =((1+$AI44)^(AC42/365)-1)*365/AC42 -> 0.0298073 | AD44: =((1+$AI44)^(AD42/365)-1)*365/AD42 -> 0.02981582 | AE44: =((1+$AI44)^(AE42/365)-1)*365/AE42 -> 0.029835305 | AF44: =((1+$AI44)^(AF42/365)-1)*365/AF42 -> 0.029871887 | AG44: =((1+$AI44)^(AG42/365)-1)*365/AG42 -> 0.029908528 | AH44: 0.0298 | AI44: =(1+AH44/365)^365-1 -> 0.03024721 | AK44: Binance | AL44: =((1+$AR44)^(AL42/365)-1)*365/AL42 -> 0.027606262 | AM44: =((1+$AR44)^(AM42/365)-1)*365/AM42 -> 0.02761357 | AN44: =((1+$AR44)^(AN42/365)-1)*365/AN42 -> 0.027630283 | AO44: =((1+$AR44)^(AO42/365)-1)*365/AO42 -> 0.027661657 | AP44: =((1+$AR44)^(AP42/365)-1)*365/AP42 -> 0.027693078 | AQ44: 0.0276 | AR44: =(1+AQ44/365)^365-1 -> 0.027983336
AK45: Bybit | AL45: 0.03 | AM45: 0.03 | AN45: 0.0439 | AO45: 0.0425 | AP45: 0.0525 | AQ45: 0.0329 | AR45: =(1+AQ45/365)^365-1 -> 0.033445657
A46: Bybit | B46: 0.0311 | C46: 0.0335 | D46: 0.032 | E46: 0.05 | F46: 0.0547 | G46: 0.0351 | H46: =(1+G46/365)^365-1 -> 0.035721528 | J46: Bybit | K46: 0.032 | L46: 0.035 | M46: 0.038 | N46: 0.05 | O46: 0.0585 | P46: 0.0341 | Q46: =(1+P46/365)^365-1 -> 0.034686422 | S46: Bybit | T46: ='Daily Data'!AT28 -> 0.0342 | U46: ='Daily Data'!AU28 -> 0.04 | V46: ='Daily Data'!AV28 -> 0.034 | W46: ='Daily Data'!AW28 -> 0.044 | X46: ='Daily Data'!AX28 -> 0.05 | Y46: ='Daily Data'!$AZ$28 -> 0.034 | Z46: =(1+Y46/365)^365-1 -> 0.034582969 | AB46: Bybit | AC46: ='Daily Data'!AT38 -> 0.03 | AD46: ='Daily Data'!AU38 -> 0.0327 | AE46: ='Daily Data'!AV38 -> 0.0399 | AF46: ='Daily Data'!AW38 -> 0.0439 | AG46: ='Daily Data'!AX38 -> 0.0649 | AH46: 0.0334 | AI46: =(1+AH46/365)^365-1 -> 0.033962462
AK47: OKX | AL47: =((1+$AR47)^(AL42/365)-1)*365/AL42 -> 0.025005138 | AM47: =((1+$AR47)^(AM42/365)-1)*365/AM42 -> 0.025011133 | AN47: =((1+$AR47)^(AN42/365)-1)*365/AN42 -> 0.025024845 | AO47: =((1+$AR47)^(AO42/365)-1)*365/AO42 -> 0.025050581 | AP47: =((1+$AR47)^(AP42/365)-1)*365/AP42 -> 0.025076352 | AQ47: 0.025 | AR47: =(1+AQ47/365)^365-1 -> 0.025314243
B48: =B49*(365/B42) -> 0.025005138 | C48: =C49*(365/C42) -> 0.025011133 | D48: =D49*(365/D42) -> 0.025024845 | E48: =E49*(365/E42) -> 0.025050581 | F48: =F49*(365/F42) -> 0.025076352 | K48: =K49*365/K42 -> 0.025005138 | L48: =L49*365/L42 -> 0.025011133 | M48: =M49*365/M42 -> 0.025024845 | N48: =N49*365/N42 -> 0.025050581 | O48: =O49*365/O42 -> 0.025076352
A49: OKX | B49: =(1+$H49)^(B42/365)-1 -> 0.00047955058 | C49: =(1+$H49)^(C42/365)-1 -> 0.00095933114 | D49: =(1+$H49)^(D42/365)-1 -> 0.0020568365 | E49: =(1+$H49)^(E42/365)-1 -> 0.0041179037 | F49: =(1+$H49)^(F42/365)-1 -> 0.0061832101 | G49: 0.025 | H49: =(1+G49/365)^365-1 -> 0.025314243 | J49: OKX | K49: =(1+$Q49)^(K42/365)-1 -> 0.00047955058 | L49: =(1+$Q49)^(L42/365)-1 -> 0.00095933114 | M49: =(1+$Q49)^(M42/365)-1 -> 0.0020568365 | N49: =(1+$Q49)^(N42/365)-1 -> 0.0041179037 | O49: =(1+$Q49)^(O42/365)-1 -> 0.0061832101 | P49: 0.025 | Q49: =(1+P49/365)^365-1 -> 0.025314243 | S49: OKX | T49: =((1+$Z49)^(T42/365)-1)*365/T42 -> 0.025005138 | U49: =((1+$Z49)^(U42/365)-1)*365/U42 -> 0.025011133 | V49: =((1+$Z49)^(V42/365)-1)*365/V42 -> 0.025024845 | W49: =((1+$Z49)^(W42/365)-1)*365/W42 -> 0.025050581 | X49: =((1+$Z49)^(X42/365)-1)*365/X42 -> 0.025076352 | Y49: 0.025 | Z49: =(1+Y49/365)^365-1 -> 0.025314243 | AB49: OKX | AC49: =((1+$AI49)^(AC42/365)-1)*365/AC42 -> 0.025005138 | AD49: =((1+$AI49)^(AD42/365)-1)*365/AD42 -> 0.025011133 | AE49: =((1+$AI49)^(AE42/365)-1)*365/AE42 -> 0.025024845 | AF49: =((1+$AI49)^(AF42/365)-1)*365/AF42 -> 0.025050581 | AG49: =((1+$AI49)^(AG42/365)-1)*365/AG42 -> 0.025076352 | AH49: 0.025 | AI49: =(1+AH49/365)^365-1 -> 0.025314243 | AK49: Gate I.O | AL49: 0.0375 | AM49: =((1+AR49)^(AM42/365)-1)*365/AM42 -> 0.028114066 | AN49: 0.0548 | AO49: =((1+$AR49)^(AO42/365)-1)*365/AO42 -> 0.028163913 | AP49: =((1+$AR49)^(AP42/365)-1)*365/AP42 -> 0.028196485 | AQ49: 0.0281 | AR49: =(1+AQ49/365)^365-1 -> 0.028497417
C50: =C51*365/C42 -> 0.030216247 | E50: =E51*365/E42 -> 0.030273831 | F50: =F51*365/F42 -> 0.030311464 | L50: =L51*365/L42 -> 0.032018242 | N50: =N51*365/N42 -> 0.032082902 | O50: =O51*365/O42 -> 0.032940608
A51: Gate I.O | B51: 3.98% | C51: =(1+H51)^(C42/365)-1 -> 0.0011589793 | D51: 5.48% | E51: =(1+H51)^(E42/365)-1 -> 0.0049765201 | F51: =(1+H51)^(F42/365)-1 -> 0.0074740597 | G51: 0.0302 | H51: =(1+G51/365)^365-1 -> 0.030659358 | J51: Gate I.O | K51: 0.0386 | L51: =(1+Q51)^(L42/365)-1 -> 0.001228097 | M51: 0.0548 | N51: =(1+Q51)^(N42/365)-1 -> 0.0052739017 | O51: =(1+Q51)^(O42/356)-1 -> 0.0081223417 | P51: 0.032 | Q51: =(1+P51/365)^365-1 -> 0.032516057 | S51: Gate I.O | T51: 0.0376 | U51: =((1+Z51)^(U42/365)-1)*365/U42 -> 0.031818015 | V51: 0.0548 | W51: =((1+$Z51)^(W42/365)-1)*365/W42 -> 0.031881868 | X51: =((1+$Z51)^(X42/365)-1)*365/X42 -> 0.031923604 | Y51: 0.0318 | Z51: =(1+Y51/365)^365-1 -> 0.032309593 | AB51: Gate I.O | AC51: 0.0376 | AD51: =((1+AI51)^(AD42/365)-1)*365/AD42 -> 0.029715714 | AE51: 0.0548 | AF51: =((1+$AI51)^(AF42/365)-1)*365/AF42 -> 0.029771404 | AG51: =((1+$AI51)^(AG42/365)-1)*365/AG42 -> 0.0298078 | AH51: 0.0297 | AI51: =(1+AH51/365)^365-1 -> 0.030144199
A53: 46082 | B53: 7 | C53: 14 | D53: 30 | E53: 60 | F53: 90 | G53: Flexible | H53: Annual | J53: 46092 | K53: 7 | L53: 14 | M53: 30 | N53: 60 | O53: 90 | P53: Flexible | Q53: Annual | S53: 46102 | T53: 7 | U53: 14 | V53: 30 | W53: 60 | X53: 90 | Y53: Flexible | Z53: Annual | AB53: 46112 | AC53: 7 | AD53: 14 | AE53: 30 | AF53: 60 | AG53: 90 | AH53: Flexible | AI53: Annual | AK53: 46122 | AL53: 7 | AM53: 14 | AN53: 30 | AO53: 60 | AP53: 90 | AQ53: Flexible | AR53: Annual
B55: =B56*(365/B53) -> 0.031107951 | C55: =C56*(365/C53) -> 0.03111723 | D55: =D56*(365/D53) -> 0.031138454 | E55: =E56*(365/E53) -> 0.031178301 | F55: =F56*(365/F53) -> 0.031218215 | K55: =K56*365/K53 -> 0.030807798 | L55: =L56*365/L53 -> 0.030816899 | M55: =M56*365/M53 -> 0.030837715 | N55: =N56*365/N53 -> 0.030876796 | O55: =O56*365/O53 -> 0.030915943 | S55: Binance | T55: =((1+$Z55)^(T53/365)-1)*365/T53 -> 0.029006913 | U55: =((1+$Z55)^(U53/365)-1)*365/U53 -> 0.029014981 | V55: =((1+$Z55)^(V53/365)-1)*365/V53 -> 0.029033434 | W55: =((1+$Z55)^(W53/365)-1)*365/W53 -> 0.029068076 | X55: =((1+$Z55)^(X53/365)-1)*365/X53 -> 0.029102772 | Y55: 0.029 | Z55: =(1+Y55/365)^365-1 -> 0.029423409 | AK55: Binance | AL55: =((1+$AR55)^(AL53/365)-1)*365/AL53 -> 0.026805904 | AM55: =((1+$AR55)^(AM53/365)-1)*365/AM53 -> 0.026812794 | AN55: =((1+$AR55)^(AN53/365)-1)*365/AN53 -> 0.026828552 | AO55: =((1+$AR55)^(AO53/365)-1)*365/AO53 -> 0.026858132 | AP55: =((1+$AR55)^(AP53/365)-1)*365/AP53 -> 0.026887755 | AQ55: 0.0268 | AR55: =(1+AQ55/365)^365-1 -> 0.027161339
A56: Binance | B56: =(1+$H56)^(B53/365)-1 -> 0.00059659084 | C56: =(1+$H56)^(C53/365)-1 -> 0.0011935376 | D56: =(1+$H56)^(D53/365)-1 -> 0.002559325 | E56: =(1+$H56)^(E53/365)-1 -> 0.0051252001 | F56: =(1+$H56)^(F53/365)-1 -> 0.0076976422 | G56: 0.0311 | H56: =(1+G56/365)^365-1 -> 0.031587291 | J56: Binance | K56: =(1+$Q56)^(K53/365)-1 -> 0.00059083448 | L56: =(1+$Q56)^(L53/365)-1 -> 0.0011820181 | M56: =(1+$Q56)^(M53/365)-1 -> 0.0025346067 | N56: =(1+$Q56)^(N53/365)-1 -> 0.0050756377 | O56: =(1+$Q56)^(O53/365)-1 -> 0.0076231092 | P56: 0.0308 | Q56: =(1+P56/365)^365-1 -> 0.031277887 | AB56: Binance | AC56: =((1+$AI56)^(AC53/365)-1)*365/AC53 -> 0.030507647 | AD56: =((1+$AI56)^(AD53/365)-1)*365/AD53 -> 0.030516572 | AE56: =((1+$AI56)^(AE53/365)-1)*365/AE53 -> 0.030536984 | AF56: =((1+$AI56)^(AF53/365)-1)*365/AF53 -> 0.030575306 | AG56: =((1+$AI56)^(AG53/365)-1)*365/AG53 -> 0.030613693 | AH56: 0.0305 | AI56: =(1+AH56/365)^365-1 -> 0.030968576 | AK56: Bybit | AL56: 0.03 | AM56: 0.0349 | AN56: 0.044 | AO56: 0.0439 | AP56: 0.0639 | AQ56: 0.0329 | AR56: =(1+AQ56/365)^365-1 -> 0.033445657
A57: Bybit | B57: 0.032 | C57: 0.0335 | D57: 0.032 | E57: 0.05 | F57: 0.0537 | G57: 0.0351 | H57: =(1+G57/365)^365-1 -> 0.035721528 | J57: Bybit | K57: 0.032 | L57: 0.0409 | M57: 0.036 | N57: 0.049 | O57: 0.0533 | P57: 0.0354 | Q57: =(1+P57/365)^365-1 -> 0.036032261 | S57: Bybit | T57: ='Daily Data'!AT29 -> 0.0342 | U57: ='Daily Data'!AU29 -> 0.034 | V57: ='Daily Data'!AV29 -> 0.0349 | W57: ='Daily Data'!AW29 -> 0.043 | X57: ='Daily Data'!AX29 -> 0.05 | Y57: 0.0333 | Z57: =(1+Y57/365)^365-1 -> 0.033859081 | AB57: Bybit | AC57: ='Daily Data'!AT39 -> 0.0253 | AD57: ='Daily Data'!AU39 -> 0.032 | AE57: ='Daily Data'!AV39 -> 0.04 | AF57: ='Daily Data'!AW39 -> 0.0315 | AG57: ='Daily Data'!AX39 -> 0.0649 | AH57: 0.0341 | AI57: =(1+AH57/365)^365-1 -> 0.034686422
AK58: OKX | AL58: =((1+$AR58)^(AL53/365)-1)*365/AL53 -> 0.025005138 | AM58: =((1+$AR58)^(AM53/365)-1)*365/AM53 -> 0.025011133 | AN58: =((1+$AR58)^(AN53/365)-1)*365/AN53 -> 0.025024845 | AO58: =((1+$AR58)^(AO53/365)-1)*365/AO53 -> 0.025050581 | AP58: =((1+$AR58)^(AP53/365)-1)*365/AP53 -> 0.025076352 | AQ58: 0.025 | AR58: =(1+AQ58/365)^365-1 -> 0.025314243
B59: =B60*(365/B53) -> 0.025005138 | C59: =C60*(365/C53) -> 0.025011133 | D59: =D60*(365/D53) -> 0.025024845 | E59: =E60*(365/E53) -> 0.025050581 | F59: =F60*(365/F53) -> 0.025076352 | K59: =K60*365/K53 -> 0.025005138 | L59: =L60*365/L53 -> 0.025011133 | M59: =M60*365/M53 -> 0.025024845 | N59: =N60*365/N53 -> 0.025050581 | O59: =O60*365/O53 -> 0.025076352
A60: OKX | B60: =(1+$H60)^(B53/365)-1 -> 0.00047955058 | C60: =(1+$H60)^(C53/365)-1 -> 0.00095933114 | D60: =(1+$H60)^(D53/365)-1 -> 0.0020568365 | E60: =(1+$H60)^(E53/365)-1 -> 0.0041179037 | F60: =(1+$H60)^(F53/365)-1 -> 0.0061832101 | G60: 0.025 | H60: =(1+G60/365)^365-1 -> 0.025314243 | J60: OKX | K60: =(1+$Q60)^(K53/365)-1 -> 0.00047955058 | L60: =(1+$Q60)^(L53/365)-1 -> 0.00095933114 | M60: =(1+$Q60)^(M53/365)-1 -> 0.0020568365 | N60: =(1+$Q60)^(N53/365)-1 -> 0.0041179037 | O60: =(1+$Q60)^(O53/365)-1 -> 0.0061832101 | P60: 0.025 | Q60: =(1+P60/365)^365-1 -> 0.025314243 | S60: OKX | T60: =((1+$Z60)^(T53/365)-1)*365/T53 -> 0.025005138 | U60: =((1+$Z60)^(U53/365)-1)*365/U53 -> 0.025011133 | V60: =((1+$Z60)^(V53/365)-1)*365/V53 -> 0.025024845 | W60: =((1+$Z60)^(W53/365)-1)*365/W53 -> 0.025050581 | X60: =((1+$Z60)^(X53/365)-1)*365/X53 -> 0.025076352 | Y60: 0.025 | Z60: =(1+Y60/365)^365-1 -> 0.025314243 | AB60: OKX | AC60: =((1+$AI60)^(AC53/365)-1)*365/AC53 -> 0.025005138 | AD60: =((1+$AI60)^(AD53/365)-1)*365/AD53 -> 0.025011133 | AE60: =((1+$AI60)^(AE53/365)-1)*365/AE53 -> 0.025024845 | AF60: =((1+$AI60)^(AF53/365)-1)*365/AF53 -> 0.025050581 | AG60: =((1+$AI60)^(AG53/365)-1)*365/AG53 -> 0.025076352 | AH60: 0.025 | AI60: =(1+AH60/365)^365-1 -> 0.025314243 | AK60: Gate I.O | AL60: 0.037 | AM60: =((1+AR60)^(AM53/365)-1)*365/AM53 -> 0.027913866 | AN60: 0.0548 | AO60: =((1+$AR60)^(AO53/365)-1)*365/AO53 -> 0.027963006 | AP60: =((1+$AR60)^(AP53/365)-1)*365/AP53 -> 0.027995115 | AQ60: 0.0279 | AR60: =(1+AQ60/365)^365-1 -> 0.028291754
C61: =C62*(365/C53) -> 0.02981582 | E61: =E62*(365/E53) -> 0.029871887 | F61: =F62*(365/F53) -> 0.029908528 | L61: =L62*365/L53 -> 0.031517676 | N61: =N62*365/N53 -> 0.03158033 | O61: =O62*365/O53 -> 0.03162128
A62: Gate I.O | B62: 0.0396 | C62: =(1+H62)^(C53/365)-1 -> 0.0011436205 | D62: 0.0548 | E62: =(1+H62)^(E53/365)-1 -> 0.0049104471 | F62: =(1+H62)^(F53/365)-1 -> 0.0073747054 | G62: 0.0298 | H62: =(1+G62/365)^365-1 -> 0.03024721 | J62: Gate I.O | K62: 0.0386 | L62: =(1+Q62)^(L53/365)-1 -> 0.0012088972 | M62: 0.0548 | N62: =(1+$Q62)^(N53/365)-1 -> 0.005191287 | O62: =(1+$Q62)^(O53/365)-1 -> 0.0077970279 | P62: 0.0315 | Q62: =(1+P62/365)^365-1 -> 0.031999973 | S62: Gate I.O | T62: 0.0376 | U62: =((1+Z62)^(U53/365)-1)*365/U53 -> 0.028614571 | V62: 0.0548 | W62: =((1+Z62)^(W53/365)-1)*365/W53 -> 0.028666209 | X62: =((1+Z62)^(X53/365)-1)*365/X53 -> 0.028699953 | Y62: 0.0286 | Z62: =(1+Y62/365)^365-1 -> 0.029011754 | AB62: Gate I.O | AC62: 0.0376 | AD62: =((1+AI62)^(AD53/365)-1)*365/AD53 -> 0.03111723 | AE62: 0.0548 | AF62: =((1+$AI62)^(AF53/365)-1)*365/AF53 -> 0.031178301 | AG62: =((1+$AI62)^(AG53/365)-1)*365/AG53 -> 0.031218215 | AH62: 0.0311 | AI62: =(1+AH62/365)^365-1 -> 0.031587291 | AK62: 46123 | AL62: 7 | AM62: 14 | AN62: 30 | AO62: 60 | AP62: 90 | AQ62: Flexible | AR62: Annual | AT62: 46128 | AU62: 7 | AV62: 14 | AW62: 30 | AX62: 60 | AY62: 90 | AZ62: Flexible | BA62: Annual
A64: 46083 | B64: 7 | C64: 14 | D64: 30 | E64: 60 | F64: 90 | G64: Flexible | H64: Annual | J64: 46093 | K64: 7 | L64: 14 | M64: 30 | N64: 60 | O64: 90 | P64: Flexible | Q64: Annual | S64: 46103 | T64: 7 | U64: 14 | V64: 30 | W64: 60 | X64: 90 | Y64: Flexible | Z64: Annual | AB64: 46113 | AC64: 7 | AD64: 14 | AE64: 30 | AF64: 60 | AG64: 90 | AH64: Flexible | AI64: Annual | AK64: Binance | AL64: =((1+$AR64)^(AL62/365)-1)*365/AL62 -> 0.026405729 | AM64: =((1+$AR64)^(AM62/365)-1)*365/AM62 -> 0.026412415 | AN64: =((1+$AR64)^(AN62/365)-1)*365/AN62 -> 0.026427706 | AO64: =((1+$AR64)^(AO62/365)-1)*365/AO62 -> 0.026456408 | AP64: =((1+$AR64)^(AP62/365)-1)*365/AP62 -> 0.026485152 | AQ64: 0.0264 | AR64: =(1+AQ64/365)^365-1 -> 0.026750587 | AT64: Binance | AU64: =((1+$BA64)^(AU62/365)-1)*365/AU62 -> 0.027406171 | AV64: =((1+$BA64)^(AV62/365)-1)*365/AV62 -> 0.027413374 | AW64: =((1+$BA64)^(AW62/365)-1)*365/AW62 -> 0.027429846 | AX64: =((1+$BA64)^(AX62/365)-1)*365/AX62 -> 0.027460766 | AY64: =((1+$BA64)^(AY62/365)-1)*365/AY62 -> 0.027491733 | AZ64: 0.0274 | BA64: =(1+AZ64/365)^365-1 -> 0.027777775
B65: =B66*(365/B64) -> 0.031308053 | C65: =C66*(365/C64) -> 0.031317453 | D65: =D66*(365/D64) -> 0.03133895 | E65: =E66*(365/E64) -> 0.031379312 | F65: =F66*(365/F64) -> 0.031419743 | K65: =K66*365/K64 -> 0.031308053 | L65: =L66*365/L64 -> 0.031317453 | M65: =M66*365/M64 -> 0.03133895 | N65: =N66*365/N64 -> 0.031379312 | O65: =O66*365/O64 -> 0.031419743 | AK65: Bybit | AL65: 0.0299 | AM65: 0.0344 | AN65: 0.0349 | AO65: 0.0438 | AP65: 0.05 | AQ65: 0.0328 | AR65: =(1+AQ65/365)^365-1 -> 0.033342327 | AT65: Bybit | AU65: 0.03 | AV65: 0.032 | AW65: 0.0429 | AX65: 0.0435 | AY65: 0.0649 | AZ65: 0.0329 | BA65: =(1+AZ65/365)^365-1 -> 0.033445657
A66: Binance | B66: =(1+$H66)^(B64/365)-1 -> 0.00060042842 | C66: =(1+$H66)^(C64/365)-1 -> 0.0012012174 | D66: =(1+$H66)^(D64/365)-1 -> 0.0025758041 | E66: =(1+$H66)^(E64/365)-1 -> 0.005158243 | F66: =(1+$H66)^(F64/365)-1 -> 0.0077473338 | G66: 0.0313 | H66: =(1+G66/365)^365-1 -> 0.031793611 | J66: Binance | K66: =(1+$Q66)^(K64/365)-1 -> 0.00060042842 | L66: =(1+$Q66)^(L64/365)-1 -> 0.0012012174 | M66: =(1+$Q66)^(M64/365)-1 -> 0.0025758041 | N66: =(1+$Q66)^(N64/365)-1 -> 0.005158243 | O66: =(1+$Q66)^(O64/365)-1 -> 0.0077473338 | P66: 0.0313 | Q66: =(1+P66/365)^365-1 -> 0.031793611 | S66: Binance | T66: =((1+$Z66)^(T64/365)-1)*365/T64 -> 0.028306584 | U66: =((1+$Z66)^(U64/365)-1)*365/U64 -> 0.028314267 | V66: =((1+$Z66)^(V64/365)-1)*365/V64 -> 0.028331839 | W66: =((1+$Z66)^(W64/365)-1)*365/W64 -> 0.028364827 | X66: =((1+$Z66)^(X64/365)-1)*365/X64 -> 0.028397865 | Y66: 0.0283 | Z66: =(1+Y66/365)^365-1 -> 0.028703121 | AB66: Binance | AC66: =((1+$AI66)^(AC64/365)-1)*365/AC64 -> 0.030507647 | AD66: =((1+$AI66)^(AD64/365)-1)*365/AD64 -> 0.030516572 | AE66: =((1+$AI66)^(AE64/365)-1)*365/AE64 -> 0.030536984 | AF66: =((1+$AI66)^(AF64/365)-1)*365/AF64 -> 0.030575306 | AG66: =((1+$AI66)^(AG64/365)-1)*365/AG64 -> 0.030613693 | AH66: 0.0305 | AI66: =(1+AH66/365)^365-1 -> 0.030968576
A67: Bybit | B67: 0.033 | C67: 0.033 | D67: 0.043 | E67: 0.0499 | F67: 0.0549 | G67: 0.0347 | H67: =(1+G67/365)^365-1 -> 0.035307362 | J67: Bybit | K67: 0.032 | L67: 0.0409 | M67: 0.031 | N67: 0.05 | O67: 0.0533 | P67: 0.0353 | Q67: =(1+P67/365)^365-1 -> 0.035928673 | S67: Bybit | T67: ='Daily Data'!AT30 -> 0.031 | U67: ='Daily Data'!AU30 -> 0.0394 | V67: ='Daily Data'!AV30 -> 0.0349 | W67: ='Daily Data'!AW30 -> 0.044 | X67: ='Daily Data'!AX30 -> 0.05 | Y67: 0.0333 | Z67: =(1+Y67/365)^365-1 -> 0.033859081 | AB67: Bybit | AC67: 0.043 | AD67: 0.0326 | AE67: 0.04 | AF67: 0.0438 | AG67: 0.0599 | AH67: 0.0339 | AI67: =(1+AH67/365)^365-1 -> 0.034479525 | AK67: OKX | AL67: =((1+$AR67)^(AL62/365)-1)*365/AL62 -> 0.025005138 | AM67: =((1+$AR67)^(AM62/365)-1)*365/AM62 -> 0.025011133 | AN67: =((1+$AR67)^(AN62/365)-1)*365/AN62 -> 0.025024845 | AO67: =((1+$AR67)^(AO62/365)-1)*365/AO62 -> 0.025050581 | AP67: =((1+$AR67)^(AP62/365)-1)*365/AP62 -> 0.025076352 | AQ67: 0.025 | AR67: =(1+AQ67/365)^365-1 -> 0.025314243 | AT67: OKX | AU67: =((1+$BA67)^(AU62/365)-1)*365/AU62 -> 0.025005138 | AV67: =((1+$BA67)^(AV62/365)-1)*365/AV62 -> 0.025011133 | AW67: =((1+$BA67)^(AW62/365)-1)*365/AW62 -> 0.025024845 | AX67: =((1+$BA67)^(AX62/365)-1)*365/AX62 -> 0.025050581 | AY67: =((1+$BA67)^(AY62/365)-1)*365/AY62 -> 0.025076352 | AZ67: 0.025 | BA67: =(1+AZ67/365)^365-1 -> 0.025314243
B69: =B70*(365/B64) -> 0.025005138 | C69: =C70*(365/C64) -> 0.025011133 | D69: =D70*(365/D64) -> 0.025024845 | E69: =E70*(365/E64) -> 0.025050581 | F69: =F70*(365/F64) -> 0.025076352 | K69: =K70*365/K64 -> 0.025005138 | L69: =L70*365/L64 -> 0.025011133 | M69: =M70*365/M64 -> 0.025024845 | N69: =N70*365/N64 -> 0.025050581 | O69: =O70*365/O64 -> 0.025076352 | AK69: Gate I.O | AL69: 0.0357 | AM69: =((1+AR69)^(AM62/365)-1)*365/AM62 -> 0.028214166 | AN69: 0.0548 | AO69: =((1+$AR69)^(AO62/365)-1)*365/AO62 -> 0.028264369 | AP69: =((1+$AR69)^(AP62/365)-1)*365/AP62 -> 0.028297174 | AQ69: 0.0282 | AR69: =(1+AQ69/365)^365-1 -> 0.028600264 | AT69: Gate I.O | AU69: 0.0357 | AV69: =((1+$BA69)^(AV62/365)-1)*365/AV62 -> 0.027513472 | AW69: 0.0548 | AX69: =((1+$BA69)^(AX62/365)-1)*365/AX62 -> 0.027561211 | AY69: =((1+$BA69)^(AY62/365)-1)*365/AY62 -> 0.027592404 | AZ69: 0.0275 | BA69: =(1+AZ69/365)^365-1 -> 0.02788055
A70: OKX | B70: =(1+$H70)^(B64/365)-1 -> 0.00047955058 | C70: =(1+$H70)^(C64/365)-1 -> 0.00095933114 | D70: =(1+$H70)^(D64/365)-1 -> 0.0020568365 | E70: =(1+$H70)^(E64/365)-1 -> 0.0041179037 | F70: =(1+$H70)^(F64/365)-1 -> 0.0061832101 | G70: 0.025 | H70: =(1+G70/365)^365-1 -> 0.025314243 | J70: OKX | K70: =(1+$Q70)^(K64/365)-1 -> 0.00047955058 | L70: =(1+$Q70)^(L64/365)-1 -> 0.00095933114 | M70: =(1+$Q70)^(M64/365)-1 -> 0.0020568365 | N70: =(1+$Q70)^(N64/365)-1 -> 0.0041179037 | O70: =(1+$Q70)^(O64/365)-1 -> 0.0061832101 | P70: 0.025 | Q70: =(1+P70/365)^365-1 -> 0.025314243 | S70: OKX | T70: =((1+$Z70)^(T64/365)-1)*365/T64 -> 0.025005138 | U70: =((1+$Z70)^(U64/365)-1)*365/U64 -> 0.025011133 | V70: =((1+$Z70)^(V64/365)-1)*365/V64 -> 0.025024845 | W70: =((1+$Z70)^(W64/365)-1)*365/W64 -> 0.025050581 | X70: =((1+$Z70)^(X64/365)-1)*365/X64 -> 0.025076352 | Y70: 0.025 | Z70: =(1+Y70/365)^365-1 -> 0.025314243 | AB70: OKX | AC70: =((1+$AI70)^(AC64/365)-1)*365/AC64 -> 0.025005138 | AD70: =((1+$AI70)^(AD64/365)-1)*365/AD64 -> 0.025011133 | AE70: =((1+$AI70)^(AE64/365)-1)*365/AE64 -> 0.025024845 | AF70: =((1+$AI70)^(AF64/365)-1)*365/AF64 -> 0.025050581 | AG70: =((1+$AI70)^(AG64/365)-1)*365/AG64 -> 0.025076352 | AH70: 0.025 | AI70: =(1+AH70/365)^365-1 -> 0.025314243
C71: =C72*365/C64 -> 0.029415398 | E71: =E72*365/E64 -> 0.029469968 | F71: =F72*365/F64 -> 0.02950563 | L71: =L72*365/L64 -> 0.031617789 | N71: =N72*365/N64 -> 0.031680841 | O71: =O72*365/O64 -> 0.031722052 | AK71: 46124 | AL71: 7 | AM71: 14 | AN71: 30 | AO71: 60 | AP71: 90 | AQ71: Flexible | AR71: Annual | AT71: 46129 | AU71: 7 | AV71: 14 | AW71: 30 | AX71: 60 | AY71: 90 | AZ71: Flexible | BA71: Annual
A72: Gate I.O | B72: 3.86% | C72: =(1+H72)^(C64/365)-1 -> 0.0011282618 | D72: 5.48% | E72: =(1+H72)^(E64/365)-1 -> 0.0048443783 | F72: =(1+H72)^(F53/365)-1 -> 0.0072753609 | G72: 0.0294 | H72: =(1+G72/365)^365-1 -> 0.029835227 | J72: Gate I.O | K72: 0.0386 | L72: =(1+Q72)^(L64/365)-1 -> 0.0012127371 | M72: 0.0548 | N72: =(1+$Q72)^(N64/365)-1 -> 0.0052078094 | O72: =(1+$Q72)^(O64/365)-1 -> 0.0078218758 | P72: 0.0316 | Q72: =(1+P72/365)^365-1 -> 0.032103169 | S72: Gate I.O | T72: 0.0376 | U72: =((1+Z72)^(U64/365)-1)*365/U64 -> 0.028614571 | V72: 0.0548 | W72: =((1+Z72)^(V64/365)-1)*365/V64 -> 0.028632518 | X72: =((1+Z72)^(X64/365)-1)*365/X64 -> 0.028699953 | Y72: 0.0286 | Z72: =(1+Y72/365)^365-1 -> 0.029011754 | AB72: Gate I.O | AC72: 0.0376 | AD72: =((1+AI72)^(AD64/365)-1)*365/AD64 -> 0.03061668 | AE72: 0.0548 | AF72: =((1+$AI72)^(AF64/365)-1)*365/AF64 -> 0.030675801 | AG72: =((1+$AI72)^(AG64/365)-1)*365/AG64 -> 0.03071444 | AH72: 0.0306 | AI72: =(1+AH72/365)^365-1 -> 0.03107167
AK73: Binance | AL73: =((1+$AR73)^(AL71/365)-1)*365/AL71 -> 0.026505773 | AM73: =((1+$AR73)^(AM71/365)-1)*365/AM71 -> 0.026512509 | AN73: =((1+$AR73)^(AN71/365)-1)*365/AN71 -> 0.026527917 | AO73: =((1+$AR73)^(AO71/365)-1)*365/AO71 -> 0.026556837 | AP73: =((1+$AR73)^(AP71/365)-1)*365/AP71 -> 0.026585799 | AQ73: 0.0265 | AR73: =(1+AQ73/365)^365-1 -> 0.026853259 | AT73: Binance
A74: 46084 | B74: 7 | C74: 14 | D74: 30 | E74: 60 | F74: 90 | G74: Flexible | H74: Annual | J74: 46094 | K74: 7 | L74: 14 | M74: 30 | N74: 60 | O74: 90 | P74: Flexible | Q74: Annual | S74: 46104 | T74: 7 | U74: 14 | V74: 30 | W74: 60 | X74: 90 | Y74: Flexible | Z74: Annual | AB74: 46114 | AC74: 7 | AD74: 14 | AE74: 30 | AF74: 60 | AG74: 90 | AH74: Flexible | AI74: Annual | AK74: Bybit | AL74: 0.0299 | AM74: 0.0344 | AN74: 0.0349 | AO74: 0.0439 | AP74: 0.05 | AQ74: 0.0329 | AR74: =(1+AQ74/365)^365-1 -> 0.033445657 | AT74: Bybit
B76: =B77*365/B74 -> 0.031208002 | C76: =C77*365/C74 -> 0.031217341 | D76: =D77*365/D74 -> 0.031238702 | E76: =E77*365/E74 -> 0.031278805 | F76: =F77*365/F74 -> 0.031318978 | K76: =K77*365/K74 -> 0.030607697 | L76: =L77*365/L74 -> 0.03061668 | M76: =M77*365/M74 -> 0.030637227 | N76: =N77*365/N74 -> 0.030675801 | O76: =O77*365/O74 -> 0.03071444 | AK76: OKX | AL76: =((1+$AR76)^(AL71/365)-1)*365/AL71 -> 0.025005138 | AM76: =((1+$AR76)^(AM71/365)-1)*365/AM71 -> 0.025011133 | AN76: =((1+$AR76)^(AN71/365)-1)*365/AN71 -> 0.025024845 | AO76: =((1+$AR76)^(AO71/365)-1)*365/AO71 -> 0.025050581 | AP76: =((1+$AR76)^(AP71/365)-1)*365/AP71 -> 0.025076352 | AQ76: 0.025 | AR76: =(1+AQ76/365)^365-1 -> 0.025314243 | AT76: OKX
A77: Binance | B77: =(1+$H77)^(B74/365)-1 -> 0.00059850963 | C77: =(1+$H77)^(C74/365)-1 -> 0.0011973775 | D77: =(1+$H77)^(D74/365)-1 -> 0.0025675645 | E77: =(1+$H77)^(E74/365)-1 -> 0.0051417214 | F77: =(1+$H77)^(F74/365)-1 -> 0.0077224877 | G77: 0.0312 | H77: =(1+G77/365)^365-1 -> 0.031690446 | J77: Binance | K77: =(1+$Q77)^(K74/365)-1 -> 0.00058699693 | L77: =(1+$Q77)^(L74/365)-1 -> 0.0011743384 | M77: =(1+$Q77)^(M74/365)-1 -> 0.0025181282 | N77: =(1+$Q77)^(N74/365)-1 -> 0.0050425975 | O77: =(1+$Q77)^(O74/365)-1 -> 0.0075734236 | P77: 0.0306 | Q77: =(1+P77/365)^365-1 -> 0.03107167 | S77: Binance | T77: =((1+$Z77)^(T74/365)-1)*365/T74 -> 0.028806818 | U77: =((1+$Z77)^(U74/365)-1)*365/U74 -> 0.028814776 | V77: =((1+$Z77)^(V74/365)-1)*365/V74 -> 0.028832975 | W77: =((1+$Z77)^(W74/365)-1)*365/W74 -> 0.028867139 | X77: =((1+$Z77)^(X74/365)-1)*365/X74 -> 0.028901358 | Y77: 0.0288 | Z77: =(1+Y77/365)^365-1 -> 0.029217561 | AB77: Binance | AC77: =((1+$AI77)^(AC74/365)-1)*365/AC74 -> 0.030807798 | AD77: =((1+$AI77)^(AD74/365)-1)*365/AD74 -> 0.030816899 | AE77: =((1+$AI77)^(AE74/365)-1)*365/AE74 -> 0.030837715 | AF77: =((1+$AI77)^(AF74/365)-1)*365/AF74 -> 0.030876796 | AG77: =((1+$AI77)^(AG74/365)-1)*365/AG74 -> 0.030915943 | AH77: 0.0308 | AI77: =(1+AH77/365)^365-1 -> 0.031277887
AK78: Gate I.O | AL78: 0.0357 | AM78: =((1+AR78)^(AM71/365)-1)*365/AM71 -> 0.027012986 | AN78: 0.0548 | AO78: =((1+$AR78)^(AO71/365)-1)*365/AO71 -> 0.027059004 | AP78: =((1+$AR78)^(AP71/365)-1)*365/AP71 -> 0.027089071 | AQ78: 0.027 | AR78: =(1+AQ78/365)^365-1 -> 0.027366777 | AT78: Gate I.O
A79: Bybit | B79: 0.046 | C79: 0.032 | D79: 0.042 | E79: 0.059 | F79: 0.0585 | G79: 0.0351 | H79: =(1+G79/365)^365-1 -> 0.035721528 | J79: Bybit | K79: 0.033 | L79: 0.0407 | M79: 0.038 | N79: 0.0469 | O79: 0.0479 | P79: 0.0345 | Q79: =(1+P79/365)^365-1 -> 0.035100341 | S79: Bybit | T79: ='Daily Data'!AT31 -> 0.03 | U79: ='Daily Data'!AU31 -> 0.035 | V79: ='Daily Data'!AV31 -> 0.035 | W79: ='Daily Data'!AW31 -> 0.044 | X79: ='Daily Data'!AX31 -> 0.0575 | Y79: 0.0333 | Z79: =(1+Y79/365)^365-1 -> 0.033859081 | AB79: Bybit | AC79: 0.04 | AD79: 0.033 | AE79: 0.041 | AF79: 0.0438 | AG79: 0.0599 | AH79: 0.033 | AI79: =(1+AH79/365)^365-1 -> 0.033548998
AK80: 46125 | AL80: 7 | AM80: 14 | AN80: 30 | AO80: 60 | AP80: 90 | AQ80: Flexible | AR80: Annual
B81: =B82*365/B74 -> 0.025005138 | C81: =C82*365/C74 -> 0.025011133 | D81: =D82*365/D74 -> 0.025024845 | E81: =E82*365/E74 -> 0.025050581 | F81: =F82*365/F74 -> 0.025076352 | K81: =K82*365/K74 -> 0.025005138 | L81: =L82*365/L74 -> 0.025011133 | M81: =M82*365/M74 -> 0.025024845 | N81: =N82*365/N74 -> 0.025050581 | O81: =O82*365/O74 -> 0.025076352
A82: OKX | B82: =(1+$H82)^(B74/365)-1 -> 0.00047955058 | C82: =(1+$H82)^(C74/365)-1 -> 0.00095933114 | D82: =(1+$H82)^(D74/365)-1 -> 0.0020568365 | E82: =(1+$H82)^(E74/365)-1 -> 0.0041179037 | F82: =(1+$H82)^(F74/365)-1 -> 0.0061832101 | G82: 0.025 | H82: =(1+G82/365)^365-1 -> 0.025314243 | J82: OKX | K82: =(1+$Q82)^(K74/365)-1 -> 0.00047955058 | L82: =(1+$Q82)^(L74/365)-1 -> 0.00095933114 | M82: =(1+$Q82)^(M74/365)-1 -> 0.0020568365 | N82: =(1+$Q82)^(N74/365)-1 -> 0.0041179037 | O82: =(1+$Q82)^(O74/365)-1 -> 0.0061832101 | P82: 0.025 | Q82: =(1+P82/365)^365-1 -> 0.025314243 | S82: OKX | T82: =((1+$Z82)^(T74/365)-1)*365/T74 -> 0.025005138 | U82: =((1+$Z82)^(U74/365)-1)*365/U74 -> 0.025011133 | V82: =((1+$Z82)^(V74/365)-1)*365/V74 -> 0.025024845 | W82: =((1+$Z82)^(W74/365)-1)*365/W74 -> 0.025050581 | X82: =((1+$Z82)^(X74/365)-1)*365/X74 -> 0.025076352 | Y82: 0.025 | Z82: =(1+Y82/365)^365-1 -> 0.025314243 | AB82: OKX | AC82: =((1+$AI82)^(AC74/365)-1)*365/AC74 -> 0.025005138 | AD82: =((1+$AI82)^(AD74/365)-1)*365/AD74 -> 0.025011133 | AE82: =((1+$AI82)^(AE74/365)-1)*365/AE74 -> 0.025024845 | AF82: =((1+$AI82)^(AF74/365)-1)*365/AF74 -> 0.025050581 | AG82: =((1+$AI82)^(AG74/365)-1)*365/AG74 -> 0.025076352 | AH82: 0.025 | AI82: =(1+AH82/365)^365-1 -> 0.025314243 | AK82: Binance | AL82: =((1+$AR82)^(AL80/365)-1)*365/AL80 -> 0.026505773 | AM82: =((1+$AR82)^(AM80/365)-1)*365/AM80 -> 0.026512509 | AN82: =((1+$AR82)^(AN80/365)-1)*365/AN80 -> 0.026527917 | AO82: =((1+$AR82)^(AO80/365)-1)*365/AO80 -> 0.026556837 | AP82: =((1+$AR82)^(AP80/365)-1)*365/AP80 -> 0.026585799 | AQ82: 0.0265 | AR82: =(1+AQ82/365)^365-1 -> 0.026853259
C83: =C84*365/C74 -> 0.030816899 | E83: =E84*365/E74 -> 0.030876796 | F83: =F84*365/F74 -> 0.030915943 | L83: =L84*365/L74 -> 0.031417564 | N83: =N84*365/N74 -> 0.03147982 | O83: =O84*365/O74 -> 0.03152051 | AK83: Bybit | AL83: 0.0299 | AM83: 0.0344 | AN83: 0.0349 | AO83: 0.0439 | AP83: 0.05 | AQ83: 0.0329 | AR83: =(1+AQ83/365)^365-1 -> 0.033445657
A84: Gate I.O | B84: 0.0386 | C84: =(1+H84)^(C74/365)-1 -> 0.0011820181 | D84: 0.0548 | E84: =(1+H84)^(E74/365)-1 -> 0.0050756377 | F84: =(1+H84)^(F74/365)-1 -> 0.0076231092 | G84: 0.0308 | H84: =(1+G84/365)^365-1 -> 0.031277887 | J84: Gate I.O | K84: 0.0386 | L84: =(1+Q84)^(L74/365)-1 -> 0.0012050573 | M84: 0.0548 | N84: =(1+Q84)^(N74/365)-1 -> 0.0051747649 | O84: =(1+Q84)^(O74/365)-1 -> 0.0077721805 | P84: 0.0314 | Q84: =(1+P84/365)^365-1 -> 0.031896787 | S84: Gate I.O | T84: 0.0376 | U84: =((1+Z84)^(U74/365)-1)*365/U74 -> 0.03011614 | V84: 0.0548 | W84: =((1+$Z84)^(W74/365)-1)*365/W74 -> 0.030173342 | X84: =((1+$Z84)^(X74/365)-1)*365/X74 -> 0.030210726 | Y84: 0.0301 | Z84: =(1+Y84/365)^365-1 -> 0.030556306 | AB84: Gate I.O | AC84: 0.0381 | AD84: =((1+AI84)^(AD74/365)-1)*365/AD74 -> 0.03101712 | AE84: 0.0548 | AF84: =((1+$AI84)^(AF74/365)-1)*365/AF74 -> 0.031077798 | AG84: =((1+$AI84)^(AG74/365)-1)*365/AG74 -> 0.031117455 | AH84: 0.031 | AI84: =(1+AH84/365)^365-1 -> 0.031484146
AK85: OKX | AL85: =((1+$AR85)^(AL80/365)-1)*365/AL80 -> 0.025005138 | AM85: =((1+$AR85)^(AM80/365)-1)*365/AM80 -> 0.025011133 | AN85: =((1+$AR85)^(AN80/365)-1)*365/AN80 -> 0.025024845 | AO85: =((1+$AR85)^(AO80/365)-1)*365/AO80 -> 0.025050581 | AP85: =((1+$AR85)^(AP80/365)-1)*365/AP80 -> 0.025076352 | AQ85: 0.025 | AR85: =(1+AQ85/365)^365-1 -> 0.025314243
A86: 46085 | B86: 7 | C86: 14 | D86: 30 | E86: 60 | F86: 90 | G86: Flexible | H86: Annual | J86: 46095 | K86: 7 | L86: 14 | M86: 30 | N86: 60 | O86: 90 | P86: Flexible | Q86: Annual | S86: 46105 | T86: 7 | U86: 14 | V86: 30 | W86: 60 | X86: 90 | Y86: Flexible | Z86: Annual | AB86: 46115 | AC86: 7 | AD86: 14 | AE86: 30 | AF86: 60 | AG86: 90 | AH86: Flexible | AI86: Annual
B87: =B88*365/B86 -> 0.030407597 | C87: =C88*365/C86 -> 0.030416463 | D87: =D88*365/D86 -> 0.030436742 | E87: =E88*365/E86 -> 0.030474813 | F87: =F88*365/F86 -> 0.030512947 | K87: =K88*365/K86 -> 0.029907349 | L87: =L88*365/L86 -> 0.029915926 | M87: =M88*365/M86 -> 0.029935543 | N87: =N88*365/N86 -> 0.02997237 | O87: =O88*365/O86 -> 0.030009258 | AK87: Gate I.O | AL87: 0.0357 | AM87: =((1+AR87)^(AM80/365)-1)*365/AM80 -> 0.027113082 | AN87: 0.0548 | AO87: =((1+$AR87)^(AO80/365)-1)*365/AO80 -> 0.027159442 | AP87: =((1+$AR87)^(AP80/365)-1)*365/AP80 -> 0.027189733 | AQ87: 0.0271 | AR87: =(1+AQ87/365)^365-1 -> 0.027469511
A88: Binance | B88: =(1+$H88)^(B86/365)-1 -> 0.00058315939 | C88: =(1+$H88)^(C86/365)-1 -> 0.0011666589 | D88: =(1+$H88)^(D86/365)-1 -> 0.00250165 | E88: =(1+$H88)^(E86/365)-1 -> 0.0050095583 | F88: =(1+$H88)^(F86/365)-1 -> 0.0075237404 | G88: 0.0304 | H88: =(1+G88/365)^365-1 -> 0.030865493 | J88: Binance | K88: =(1+$Q88)^(K86/365)-1 -> 0.0005735656 | L88: =(1+$Q88)^(L86/365)-1 -> 0.0011474602 | M88: =(1+$Q88)^(M86/365)-1 -> 0.0024604556 | N88: =(1+$Q88)^(N86/365)-1 -> 0.004926965 | O88: =(1+$Q88)^(O86/365)-1 -> 0.0073995431 | P88: 0.0299 | Q88: =(1+P88/365)^365-1 -> 0.030350232 | S88: Binance | T88: =((1+$Z88)^(T86/365)-1)*365/T86 -> 0.029207009 | U88: =((1+$Z88)^(U86/365)-1)*365/U86 -> 0.029215189 | V88: =((1+$Z88)^(V86/365)-1)*365/V86 -> 0.029233897 | W88: =((1+$Z88)^(W86/365)-1)*365/W86 -> 0.029269019 | X88: =((1+$Z88)^(X86/365)-1)*365/X86 -> 0.029304196 | Y88: 0.0292 | Z88: =(1+Y88/365)^365-1 -> 0.029629297 | AB88: Binance | AC88: =((1+$AI88)^(AC86/365)-1)*365/AC86 -> 0.030907849 | AD88: =((1+$AI88)^(AD86/365)-1)*365/AD86 -> 0.030917009 | AE88: =((1+$AI88)^(AE86/365)-1)*365/AE86 -> 0.030937961 | AF88: =((1+$AI88)^(AF86/365)-1)*365/AF86 -> 0.030977296 | AG88: =((1+$AI88)^(AG86/365)-1)*365/AG86 -> 0.031016698 | AH88: 0.0309 | AI88: =(1+AH88/365)^365-1 -> 0.031381012
AK89: 46126 | AL89: 7 | AM89: 14 | AN89: 30 | AO89: 60 | AP89: 90 | AQ89: Flexible | AR89: Annual
A90: Bybit | B90: 0.046 | C90: 0.04 | D90: 0.042 | E90: 0.0575 | F90: 0.058 | G90: 0.0346 | H90: =(1+G90/365)^365-1 -> 0.035203846 | J90: Bybit | K90: 0.0328 | L90: 0.0408 | M90: 0.04 | N90: 0.044 | O90: 0.0533 | P90: 0.034 | Q90: =(1+P90/365)^365-1 -> 0.034582969 | S90: Bybit | T90: ='Daily Data'!AT32 -> 0.03 | U90: ='Daily Data'!AU32 -> 0.035 | V90: ='Daily Data'!AV32 -> 0.0349 | W90: ='Daily Data'!AW32 -> 0.0429 | X90: ='Daily Data'!AX32 -> 0.06 | Y90: 0.0333 | Z90: =(1+Y90/365)^365-1 -> 0.033859081 | AB90: Bybit | AC90: 0.031 | AD90: 0.0349 | AE90: 0.042 | AF90: 0.0438 | AG90: 0.0597 | AH90: 0.031 | AI90: =(1+AH90/365)^365-1 -> 0.031484146
AK91: Binance | AL91: =((1+$AR91)^(AL89/365)-1)*365/AL89 -> 0.028506677 | AM91: =((1+$AR91)^(AM89/365)-1)*365/AM89 -> 0.028514469 | AN91: =((1+$AR91)^(AN89/365)-1)*365/AN89 -> 0.028532291 | AO91: =((1+$AR91)^(AO89/365)-1)*365/AO89 -> 0.028565747 | AP91: =((1+$AR91)^(AP89/365)-1)*365/AP89 -> 0.028599255 | AQ91: 0.0285 | AR91: =(1+AQ91/365)^365-1 -> 0.028908866
B92: =B93*365/B86 -> 0.025005138 | C92: =C93*365/C86 -> 0.025011133 | D92: =D93*365/D86 -> 0.025024845 | E92: =E93*365/E86 -> 0.025050581 | F92: =F93*365/F86 -> 0.025076352 | K92: =K93*365/K86 -> 0.025005138 | L92: =L93*365/L86 -> 0.025011133 | M92: =M93*365/M86 -> 0.025024845 | N92: =N93*365/N86 -> 0.025050581 | O92: =O93*365/O86 -> 0.025076352 | AK92: Bybit | AL92: 0.03 | AM92: 0.034 | AN92: 0.035 | AO92: 0.0439 | AP92: 0.0647 | AQ92: 0.0329 | AR92: =(1+AQ92/365)^365-1 -> 0.033445657
A93: OKX | B93: =(1+$H93)^(B86/365)-1 -> 0.00047955058 | C93: =(1+$H93)^(C86/365)-1 -> 0.00095933114 | D93: =(1+$H93)^(D86/365)-1 -> 0.0020568365 | E93: =(1+$H93)^(E86/365)-1 -> 0.0041179037 | F93: =(1+$H93)^(F86/365)-1 -> 0.0061832101 | G93: 0.025 | H93: =(1+G93/365)^365-1 -> 0.025314243 | J93: OKX | K93: =(1+$Q93)^(K86/365)-1 -> 0.00047955058 | L93: =(1+$Q93)^(L86/365)-1 -> 0.00095933114 | M93: =(1+$Q93)^(M86/365)-1 -> 0.0020568365 | N93: =(1+$Q93)^(N86/365)-1 -> 0.0041179037 | O93: =(1+$Q93)^(O86/365)-1 -> 0.0061832101 | P93: 0.025 | Q93: =(1+P93/365)^365-1 -> 0.025314243 | S93: OKX | T93: =((1+$Z93)^(T86/365)-1)*365/T86 -> 0.025005138 | U93: =((1+$Z93)^(U86/365)-1)*365/U86 -> 0.025011133 | V93: =((1+$Z93)^(V86/365)-1)*365/V86 -> 0.025024845 | W93: =((1+$Z93)^(W86/365)-1)*365/W86 -> 0.025050581 | X93: =((1+$Z93)^(X86/365)-1)*365/X86 -> 0.025076352 | Y93: 0.025 | Z93: =(1+Y93/365)^365-1 -> 0.025314243 | AB93: OKX | AC93: =((1+$AI93)^(AC86/365)-1)*365/AC86 -> 0.025005138 | AD93: =((1+$AI93)^(AD86/365)-1)*365/AD86 -> 0.025011133 | AE93: =((1+$AI93)^(AE86/365)-1)*365/AE86 -> 0.025024845 | AF93: =((1+$AI93)^(AF86/365)-1)*365/AF86 -> 0.025050581 | AG93: =((1+$AI93)^(AG86/365)-1)*365/AG86 -> 0.025076352 | AH93: 0.025 | AI93: =(1+AH93/365)^365-1 -> 0.025314243
C94: =C95*365/C86 -> 0.030416463 | E94: =E95*(365/E86) -> 0.030474813 | F94: =F95*365/F86 -> 0.030512947 | L94: =L95*365/L86 -> 0.032018242 | N94: =N95*365/N86 -> 0.032082902 | O94: =O95*365/O86 -> 0.032125166 | AK94: OKX | AL94: =((1+$AR94)^(AL89/365)-1)*365/AL89 -> 0.025005138 | AM94: =((1+$AR94)^(AM89/365)-1)*365/AM89 -> 0.025011133 | AN94: =((1+$AR94)^(AN89/365)-1)*365/AN89 -> 0.025024845 | AO94: =((1+$AR94)^(AO89/365)-1)*365/AO89 -> 0.025050581 | AP94: =((1+$AR94)^(AP89/365)-1)*365/AP89 -> 0.025076352 | AQ94: 0.025 | AR94: =(1+AQ94/365)^365-1 -> 0.025314243
A95: Gate I.O | B95: 3.86% | C95: =(1+H95)^(C86/365)-1 -> 0.0011666589 | D95: 5.48% | E95: =(1+H95)^(E86/365)-1 -> 0.0050095583 | F95: =(1+H95)^(F86/365)-1 -> 0.0075237404 | G95: 0.0304 | H95: =(1+G95/365)^365-1 -> 0.030865493 | J95: Gate I.O | K95: 0.0386 | L95: =(1+Q95)^(L86/365)-1 -> 0.001228097 | M95: 0.0548 | N95: =(1+$Q95)^(N86/365)-1 -> 0.0052739017 | O95: =(1+$Q95)^(O86/365)-1 -> 0.0079212737 | P95: 0.032 | Q95: =(1+P95/365)^365-1 -> 0.032516057 | S95: Gate I.O | T95: 0.0376 | U95: =((1+Z95)^(U86/365)-1)*365/U86 -> 0.029715714 | V95: 0.0548 | W95: =((1+$Z95)^(W86/365)-1)*365/W86 -> 0.029771404 | X95: =((1+$Z95)^(X86/365)-1)*365/X86 -> 0.0298078 | Y95: 0.0297 | Z95: =(1+Y95/365)^365-1 -> 0.030144199 | AB95: Gate I.O | AC95: 0.0381 | AD95: =((1+AI95)^(AD86/365)-1)*365/AD86 -> 0.031818015 | AE95: 0.0548 | AF95: =((1+$AI95)^(AF86/365)-1)*365/AF86 -> 0.031881868 | AG95: =((1+$AI95)^(AG86/365)-1)*365/AG86 -> 0.031923604 | AH95: 0.0318 | AI95: =(1+AH95/365)^365-1 -> 0.032309593
AK96: Gate I.O | AL96: 0.0357 | AM96: =((1+AR96)^(AM89/365)-1)*365/AM89 -> 0.028514469 | AN96: 0.0548 | AO96: =((1+$AR96)^(AO89/365)-1)*365/AO89 -> 0.028565747 | AP96: =((1+$AR96)^(AP89/365)-1)*365/AP89 -> 0.028599255 | AQ96: 0.0285 | AR96: =(1+AQ96/365)^365-1 -> 0.028908866
A97: 46086 | B97: 7 | C97: 14 | D97: 30 | E97: 60 | F97: 90 | G97: Flexible | H97: Annual | J97: 46096 | K97: 7 | L97: 14 | M97: 30 | N97: 60 | O97: 90 | P97: Flexible | Q97: Annual | S97: 46106 | T97: 7 | U97: 14 | V97: 30 | W97: 60 | X97: 90 | Y97: Flexible | Z97: Annual | AB97: 46116 | AC97: 7 | AD97: 14 | AE97: 30 | AF97: 60 | AG97: 90 | AH97: Flexible | AI97: Annual
B98: =B99*365/B97 -> 0.031708261 | C98: =C99*365/C97 -> 0.031717902 | D98: =D99*365/D97 -> 0.031739953 | E98: =E99*365/E97 -> 0.031781354 | F98: =F99*365/F97 -> 0.031822827 | K98: =K99*365/K97 -> 0.03210847 | L98: =L99*365/L97 -> 0.032118356 | M98: =M99*365/M97 -> 0.032140968 | N98: =N99*365/N97 -> 0.032183421 | O98: =O99*365/O97 -> 0.03222595 | AK98: 46127 | AL98: 7 | AM98: 14 | AN98: 30 | AO98: 60 | AP98: 90 | AQ98: Flexible | AR98: Annual
A99: Binance | B99: =(1+$H99)^(B97/365)-1 -> 0.00060810363 | C99: =(1+$H99)^(C97/365)-1 -> 0.001216577 | D99: =(1+$H99)^(D97/365)-1 -> 0.0026087632 | E99: =(1+$H99)^(E97/365)-1 -> 0.0052243321 | F99: =(1+$H99)^(F97/365)-1 -> 0.0078467244 | G99: 0.0317 | H99: =(1+G99/365)^365-1 -> 0.032206376 | J99: Binance | K99: =(1+$Q99)^(K97/365)-1 -> 0.00061577888 | L99: =(1+$Q99)^(L97/365)-1 -> 0.001231937 | M99: =(1+$Q99)^(M97/365)-1 -> 0.0026417234 | N99: =(1+$Q99)^(N97/365)-1 -> 0.0052904255 | O99: =(1+$Q99)^(O97/365)-1 -> 0.0079461247 | P99: 0.0321 | Q99: =(1+P99/365)^365-1 -> 0.032619305 | S99: Binance | T99: =((1+$Z99)^(T97/365)-1)*365/T97 -> 0.028806818 | U99: =((1+$Z99)^(U97/365)-1)*365/U97 -> 0.028814776 | V99: =((1+$Z99)^(V97/365)-1)*365/V97 -> 0.028832975 | W99: =((1+$Z99)^(W97/365)-1)*365/W97 -> 0.028867139 | X99: =((1+$Z99)^(X97/365)-1)*365/X97 -> 0.028901358 | Y99: 0.0288 | Z99: =(1+$Y99/365)^365-1 -> 0.029217561 | AB99: Binance | AC99: =((1+$AI99)^(AC97/365)-1)*365/AC97 -> 0.0310079 | AD99: =((1+$AI99)^(AD97/365)-1)*365/AD97 -> 0.03101712 | AE99: =((1+$AI99)^(AE97/365)-1)*365/AE97 -> 0.031038207 | AF99: =((1+$AI99)^(AF97/365)-1)*365/AF97 -> 0.031077798 | AG99: =((1+$AI99)^(AG97/365)-1)*365/AG97 -> 0.031117455 | AH99: 0.031 | AI99: =(1+AH99/365)^365-1 -> 0.031484146
A100: Bybit | B100: 0.036 | C100: 0.04 | D100: 0.042 | E100: 0.0573 | F100: 0.0579 | G100: 0.0356 | H100: =(1+G100/365)^365-1 -> 0.036239468 | J100: Bybit | K100: 0.032 | L100: 0.0395 | M100: 0.032 | N100: 0.044 | O100: 0.0533 | P100: 0.0345 | Q100: =(1+P100/365)^365-1 -> 0.035100341 | S100: Bybit | T100: ='Daily Data'!AT33 -> 0.03 | U100: ='Daily Data'!AU33 -> 0.033 | V100: ='Daily Data'!AV33 -> 0.028 | W100: ='Daily Data'!AW33 -> 0.0429 | X100: ='Daily Data'!AX33 -> 0.0656 | Y100: 0.0333 | Z100: =(1+$Y100/365)^365-1 -> 0.033859081 | AB100: Bybit | AC100: 0.031 | AD100: 0.03 | AE100: 0.044 | AF100: 0.057 | AG100: 0.0597 | AH100: 0.0342 | AI100: =(1+AH100/365)^365-1 -> 0.034789886 | AK100: Binance | AL100: =((1+$AR100)^(AL98/365)-1)*365/AL98 -> 0.027206082 | AM100: =((1+$AR100)^(AM98/365)-1)*365/AM98 -> 0.027213179 | AN100: =((1+$AR100)^(AN98/365)-1)*365/AN98 -> 0.027229411 | AO100: =((1+$AR100)^(AO98/365)-1)*365/AO98 -> 0.027259882 | AP100: =((1+$AR100)^(AP98/365)-1)*365/AP98 -> 0.027290397 | AQ100: 0.0272 | AR100: =(1+AQ100/365)^365-1 -> 0.027572256
B101: =B102*365/B97 -> 0.025005138 | C101: =C102*365/C97 -> 0.025011133 | D101: =D102*365/D97 -> 0.025024845 | E101: =E102*365/E97 -> 0.025050581 | F101: =F102*365/F97 -> 0.025076352 | K101: =K102*365/K97 -> 0.025005138 | L101: =L102*365/L97 -> 0.025011133 | M101: =M102*365/M97 -> 0.025024845 | N101: =N102*365/N97 -> 0.025050581 | O101: =O102*365/O97 -> 0.025076352 | AK101: Bybit | AL101: ='Daily Data'!AT54 -> 0.042 | AM101: ='Daily Data'!AU54 -> 0.032 | AN101: ='Daily Data'!AV54 -> 0.035 | AO101: ='Daily Data'!AW54 -> 0.0435 | AP101: ='Daily Data'!AX54 -> 0.0646 | AQ101: 0.0329 | AR101: =(1+AQ101/365)^365-1 -> 0.033445657
A102: OKX | B102: =(1+$H102)^(B97/365)-1 -> 0.00047955058 | C102: =(1+$H102)^(C97/365)-1 -> 0.00095933114 | D102: =(1+$H102)^(D97/365)-1 -> 0.0020568365 | E102: =(1+$H102)^(E97/365)-1 -> 0.0041179037 | F102: =(1+$H102)^(F97/365)-1 -> 0.0061832101 | G102: 0.025 | H102: =(1+G102/365)^365-1 -> 0.025314243 | J102: OKX | K102: =(1+$Q102)^(K97/365)-1 -> 0.00047955058 | L102: =(1+$Q102)^(L97/365)-1 -> 0.00095933114 | M102: =(1+$Q102)^(M97/365)-1 -> 0.0020568365 | N102: =(1+$Q102)^(N97/365)-1 -> 0.0041179037 | O102: =(1+$Q102)^(O97/365)-1 -> 0.0061832101 | P102: 0.025 | Q102: =(1+P102/365)^365-1 -> 0.025314243 | S102: OKX | T102: =((1+$Z102)^(T97/365)-1)*365/T97 -> 0.025005138 | U102: =((1+$Z102)^(U97/365)-1)*365/U97 -> 0.025011133 | V102: =((1+$Z102)^(V97/365)-1)*365/V97 -> 0.025024845 | W102: =((1+$Z102)^(W97/365)-1)*365/W97 -> 0.025050581 | X102: =((1+$Z102)^(X97/365)-1)*365/X97 -> 0.025076352 | Y102: 0.025 | Z102: =(1+$Y102/365)^365-1 -> 0.025314243 | AB102: OKX | AC102: =((1+$AI102)^(AC97/365)-1)*365/AC97 -> 0.025005138 | AD102: =((1+$AI102)^(AD97/365)-1)*365/AD97 -> 0.025011133 | AE102: =((1+$AI102)^(AE97/365)-1)*365/AE97 -> 0.025024845 | AF102: =((1+$AI102)^(AF97/365)-1)*365/AF97 -> 0.025050581 | AG102: =((1+$AI102)^(AG97/365)-1)*365/AG97 -> 0.025076352 | AH102: 0.025 | AI102: =(1+AH102/365)^365-1 -> 0.025314243
C103: =C104*365/C97 -> 0.032218471 | E103: =E104*365/E97 -> 0.032283943 | F103: =F104*365/F97 -> 0.032326737 | L103: =L104*365/L97 -> 0.03111723 | N103: =N104*365/N97 -> 0.031178301 | O103: =O104*365/O97 -> 0.031218215 | AK103: OKX | AL103: =((1+$AR103)^(AL98/365)-1)*365/AL98 -> 0.025005138 | AM103: =((1+$AR103)^(AM98/365)-1)*365/AM98 -> 0.025011133 | AN103: =((1+$AR103)^(AN98/365)-1)*365/AN98 -> 0.025024845 | AO103: =((1+$AR103)^(AO98/365)-1)*365/AO98 -> 0.025050581 | AP103: =((1+$AR103)^(AP98/365)-1)*365/AP98 -> 0.025076352 | AQ103: 0.025 | AR103: =(1+AQ103/365)^365-1 -> 0.025314243
A104: Gate I.O | B104: 0.0386 | C104: =(1+H104)^(C97/365)-1 -> 0.001235777 | D104: 5.48% | E104: =(1+H104)^(E97/365)-1 -> 0.0053069495 | F104: =(1+H104)^(F97/365)-1 -> 0.0079709762 | G104: 0.0322 | H104: =(1+G104/365)^365-1 -> 0.032722563 | J104: Gate I.O | K104: 0.0386 | L104: =(1+Q104)^(L97/365)-1 -> 0.0011935376 | M104: 0.0548 | N104: =(1+$Q104)^(N97/365)-1 -> 0.0051252001 | O104: =(1+$Q104)^(O97/365)-1 -> 0.0076976422 | P104: 0.0311 | Q104: =(1+P104/365)^365-1 -> 0.031587291 | S104: Gate I.O | T104: 0.0376 | U104: =((1+Z104)^(V97/365)-1)*365/V97 -> 0.029935543 | V104: 0.0548 | W104: =((1+$Z104)^(W97/365)-1)*365/W97 -> 0.02997237 | X104: =((1+$Z104)^(X97/365)-1)*365/X97 -> 0.030009258 | Y104: 0.0299 | Z104: =(1+$Y104/365)^365-1 -> 0.030350232 | AB104: Gate I.O | AC104: 0.0376 | AD104: =((1+AI104)^(AD97/365)-1)*365/AD97 -> 0.030816899 | AE104: 0.0548 | AF104: =((1+$AI104)^(AF97/365)-1)*365/AF97 -> 0.030876796 | AG104: =((1+$AI104)^(AG97/365)-1)*365/AG97 -> 0.030915943 | AH104: 0.0308 | AI104: =(1+AH104/365)^365-1 -> 0.031277887
AK105: Gate I.O | AL105: 0.0357 | AM105: =((1+AR105)^(AM98/365)-1)*365/AM98 -> 0.027713668 | AN105: 0.0548 | AO105: =((1+$AR105)^(AO98/365)-1)*365/AO98 -> 0.027762105 | AP105: =((1+$AR105)^(AP98/365)-1)*365/AP98 -> 0.027793755 | AQ105: 0.0277 | AR105: =(1+AQ105/365)^365-1 -> 0.028086131
G106: =(1+H104)^(1/365)-1 -> 8.8219178e-05
G107: =G106*365 -> 0.0322
G109: =(1+G104/365)^365-1 -> 0.032722563

Sheet Günlük
A1: 46077 | B1: 7D | C1: 14D | D1: 30D | E1: 60D | F1: 90D | G1: Flexible | H1: Annual | J1: 46081 | K1: 7D | L1: 14D | M1: 30D | N1: 60D | O1: 90D | P1: Flexible | Q1: Annual | S1: 46085 | T1: 7D | U1: 14D | V1: 30D | W1: 60D | X1: 90D | Y1: Flexible | Z1: Annual | AB1: 46089 | AC1: 7D | AD1: 14D | AE1: 30D | AF1: 60D | AG1: 90D | AH1: Flexible | AI1: Annual | AK1: 46093 | AL1: 7D | AM1: 14D | AN1: 30D | AO1: 60D | AP1: 90D | AQ1: Flexible | AR1: Annual | AT1: 46097 | AU1: 7D | AV1: 14D | AW1: 30D | AX1: 60D | AY1: 90D | AZ1: Flexible | BA1: Annual | BC1: 46101 | BD1: 7D | BE1: 14D | BF1: 30D | BG1: 60D | BH1: 90D | BI1: Flexible | BJ1: Annual | BL1: 46106 | BM1: 7D | BN1: 14D | BO1: 30D | BP1: 60D | BQ1: 90D | BR1: Flexible | BS1: Annual | BU1: 46110 | BV1: 7D | BW1: 14D | BX1: 30D | BY1: 60D | BZ1: 90D | CA1: Flexible | CB1: Annual | CD1: 46114 | CE1: 7D | CF1: 14D | CG1: 30D | CH1: 60D | CI1: 90D | CJ1: Flexible | CK1: Annual | CM1: 46118 | CN1: 7D | CO1: 14D | CP1: 30D | CQ1: 60D | CR1: 90D | CS1: Flexible | CT1: Annual | CV1: 46122 | CW1: 7D | CX1: 14D | CY1: 30D | CZ1: 60D | DA1: 90D | DB1: Flexible | DC1: Annual | DE1: 46126 | DF1: 7D | DG1: 14D | DH1: 30D | DI1: 60D | DJ1: 90D | DK1: Flexible | DL1: Annual
A2: Binance | B2: ='Günlük taslak'!B3 -> 0.030507647 | C2: ='Günlük taslak'!C3 -> 0.030516572 | D2: ='Günlük taslak'!D3 -> 0.030536984 | E2: ='Günlük taslak'!E3 -> 0.030575306 | F2: ='Günlük taslak'!F3 -> 0.030613693 | G2: 0.0305 | H2: ='Günlük taslak'!H4 -> 0.030968576 | J2: Binance | K2: ='Günlük taslak'!B43 -> 0.031308053 | L2: ='Günlük taslak'!C43 -> 0.031317453 | M2: ='Günlük taslak'!D43 -> 0.03133895 | N2: ='Günlük taslak'!E43 -> 0.031379312 | O2: ='Günlük taslak'!F43 -> 0.031419743 | P2: 0.0313 | Q2: ='Günlük taslak'!H44 -> 0.031793611 | S2: Binance | T2: ='Günlük taslak'!B87 -> 0.030407597 | U2: ='Günlük taslak'!C87 -> 0.030416463 | V2: ='Günlük taslak'!D87 -> 0.030436742 | W2: ='Günlük taslak'!E87 -> 0.030474813 | X2: ='Günlük taslak'!F87 -> 0.030512947 | Y2: 0.0304 | Z2: ='Günlük taslak'!H88 -> 0.030865493 | AB2: Binance | AC2: ='Günlük taslak'!K23 -> 0.030707748 | AD2: ='Günlük taslak'!L23 -> 0.03071679 | AE2: ='Günlük taslak'!M23 -> 0.030737471 | AF2: ='Günlük taslak'!N23 -> 0.030776298 | AG2: ='Günlük taslak'!O23 -> 0.03081519 | AH2: 0.0307 | AI2: ='Günlük taslak'!Q24 -> 0.031174773 | AK2: Binance | AL2: ='Günlük taslak'!K65 -> 0.031308053 | AM2: ='Günlük taslak'!L65 -> 0.031317453 | AN2: ='Günlük taslak'!M65 -> 0.03133895 | AO2: ='Günlük taslak'!N65 -> 0.031379312 | AP2: ='Günlük taslak'!O65 -> 0.031419743 | AQ2: 0.0313 | AR2: ='Günlük taslak'!Q66 -> 0.031793611 | AT2: Binance | AU2: ='Günlük taslak'!T3 -> 0.033209061 | AV2: ='Günlük taslak'!U3 -> 0.033219636 | AW2: ='Günlük taslak'!V3 -> 0.033243825 | AX2: ='Günlük taslak'!W3 -> 0.033289242 | AY2: ='Günlük taslak'!X3 -> 0.033334742 | AZ2: 3.32% | BA2: ='Günlük taslak'!Z4 -> 0.033755709 | BC2: Binance | BD2: ='Günlük taslak'!T44 -> 0.028706771 | BE2: ='Günlük taslak'!U44 -> 0.028714673 | BF2: ='Günlük taslak'!V44 -> 0.028732746 | BG2: ='Günlük taslak'!W44 -> 0.028766674 | BH2: ='Günlük taslak'!X44 -> 0.028800654 | BI2: ='Günlük taslak'!Y44 -> 0.0287 | BJ2: ='Günlük taslak'!Z44 -> 0.029114652 | BL2: Binance | BM2: ='Günlük taslak'!T99 -> 0.028806818 | BN2: ='Günlük taslak'!U99 -> 0.028814776 | BO2: ='Günlük taslak'!V99 -> 0.028832975 | BP2: ='Günlük taslak'!W99 -> 0.028867139 | BQ2: ='Günlük taslak'!X99 -> 0.028901358 | BR2: ='Günlük taslak'!Y99 -> 0.0288 | BS2: ='Günlük taslak'!Z99 -> 0.029217561 | BU2: Binance | BV2: ='Günlük taslak'!AC34 -> 0.029907349 | BW2: ='Günlük taslak'!AD34 -> 0.029915926 | BX2: ='Günlük taslak'!AE34 -> 0.029935543 | BY2: ='Günlük taslak'!AF34 -> 0.02997237 | BZ2: ='Günlük taslak'!AG34 -> 0.030009258 | CA2: ='Günlük taslak'!AH34 -> 0.0299 | CB2: ='Günlük taslak'!AI34 -> 0.030350232 | CD2: Binance | CE2: ='Günlük taslak'!AC77 -> 0.030807798 | CF2: ='Günlük taslak'!AD77 -> 0.030816899 | CG2: ='Günlük taslak'!AE77 -> 0.030837715 | CH2: ='Günlük taslak'!AF77 -> 0.030876796 | CI2: ='Günlük taslak'!AG77 -> 0.030915943 | CJ2: ='Günlük taslak'!AH77 -> 0.0308 | CK2: ='Günlük taslak'!AI77 -> 0.031277887 | CM2: Binance | CN2: ='Günlük taslak'!AL14 -> 0.0310079 | CO2: ='Günlük taslak'!AM14 -> 0.03101712 | CP2: ='Günlük taslak'!AN14 -> 0.031038207 | CQ2: ='Günlük taslak'!AO14 -> 0.031077798 | CR2: ='Günlük taslak'!AP14 -> 0.031117455 | CS2: ='Günlük taslak'!AQ14 -> 0.031 | CT2: ='Günlük taslak'!AR14 -> 0.031484146 | CV2: Binance | CW2: ='Günlük taslak'!AL55 -> 0.026805904 | CX2: ='Günlük taslak'!AM55 -> 0.026812794 | CY2: ='Günlük taslak'!AN55 -> 0.026828552 | CZ2: ='Günlük taslak'!AO55 -> 0.026858132 | DA2: ='Günlük taslak'!AP55 -> 0.026887755 | DB2: ='Günlük taslak'!AQ55 -> 0.0268 | DC2: ='Günlük taslak'!AR44 -> 0.027983336 | DE2: Binance | DF2: ='Günlük taslak'!AL91 -> 0.028506677 | DG2: ='Günlük taslak'!AM91 -> 0.028514469 | DH2: ='Günlük taslak'!AN91 -> 0.028532291 | DI2: ='Günlük taslak'!AO91 -> 0.028565747 | DJ2: ='Günlük taslak'!AP91 -> 0.028599255 | DK2: ='Günlük taslak'!AQ91 -> 0.0285 | DL2: ='Günlük taslak'!AR91 -> 0.028908866
A3: Bybit | B3: 0.032 | C3: 0.032 | D3: 0.045 | E3: 0.051 | F3: 0.0588 | G3: 0.0349 | H3: ='Günlük taslak'!H5 -> 0.035514424 | J3: Bybit | K3: 0.0311 | L3: 0.0335 | M3: 0.032 | N3: 0.05 | O3: 0.0547 | P3: 0.0351 | Q3: ='Günlük taslak'!H46 -> 0.035721528 | S3: Bybit | T3: 4.60% | U3: 4.00% | V3: 4.20% | W3: 5.75% | X3: 5.80% | Y3: 3.46% | Z3: ='Günlük taslak'!H90 -> 0.035203846 | AB3: Bybit | AC3: 0.0375 | AD3: 0.0409 | AE3: 0.042 | AF3: 0.0573 | AG3: 0.058 | AH3: 0.0354 | AI3: ='Günlük taslak'!Q26 -> 0.036032261 | AK3: Bybit | AL3: 0.032 | AM3: 0.0409 | AN3: 0.031 | AO3: 0.05 | AP3: 0.0533 | AQ3: 0.0353 | AR3: ='Günlük taslak'!Q67 -> 0.035928673 | AT3: Bybit | AU3: 3.20% | AV3: 3.99% | AW3: 4.00% | AX3: 4.47% | AY3: 5.10% | AZ3: 3.45% | BA3: ='Günlük taslak'!Z5 -> 0.035100341 | BC3: Bybit | BD3: ='Günlük taslak'!T46 -> 0.0342 | BE3: ='Günlük taslak'!U46 -> 0.04 | BF3: ='Günlük taslak'!V46 -> 0.034 | BG3: ='Günlük taslak'!W46 -> 0.044 | BH3: ='Günlük taslak'!X46 -> 0.05 | BI3: ='Günlük taslak'!Y46 -> 0.034 | BJ3: ='Günlük taslak'!Z46 -> 0.034582969 | BL3: Bybit | BM3: ='Günlük taslak'!T100 -> 0.03 | BN3: ='Günlük taslak'!U100 -> 0.033 | BO3: ='Günlük taslak'!V100 -> 0.028 | BP3: ='Günlük taslak'!W100 -> 0.0429 | BQ3: ='Günlük taslak'!X100 -> 0.0656 | BR3: ='Günlük taslak'!Y100 -> 0.0333 | BS3: ='Günlük taslak'!Z100 -> 0.033859081 | BU3: Bybit | BV3: ='Günlük taslak'!AC36 -> 0.03 | BW3: ='Günlük taslak'!AD36 -> 0.033 | BX3: ='Günlük taslak'!AE36 -> 0.032 | BY3: ='Günlük taslak'!AF36 -> 0.044 | BZ3: ='Günlük taslak'!AG36 -> 0.056 | CA3: ='Günlük taslak'!AH36 -> 0.033 | CB3: ='Günlük taslak'!AI36 -> 0.033548998 | CD3: Bybit | CE3: ='Günlük taslak'!AC79 -> 0.04 | CF3: ='Günlük taslak'!AD79 -> 0.033 | CG3: ='Günlük taslak'!AE79 -> 0.041 | CH3: ='Günlük taslak'!AF79 -> 0.0438 | CI3: ='Günlük taslak'!AG79 -> 0.0599 | CJ3: ='Günlük taslak'!AH79 -> 0.033 | CK3: ='Günlük taslak'!AI79 -> 0.033548998 | CM3: Bybit | CN3: ='Günlük taslak'!AL15 -> 0.031 | CO3: ='Günlük taslak'!AM15 -> 0.03 | CP3: ='Günlük taslak'!AN15 -> 0.044 | CQ3: ='Günlük taslak'!AO15 -> 0.057 | CR3: ='Günlük taslak'!AP15 -> 0.0597 | CS3: ='Günlük taslak'!AQ15 -> 0.0342 | CT3: ='Günlük taslak'!AR15 -> 0.034789886 | CV3: Bybit | CW3: ='Günlük taslak'!AL56 -> 0.03 | CX3: ='Günlük taslak'!AM56 -> 0.0349 | CY3: ='Günlük taslak'!AN56 -> 0.044 | CZ3: ='Günlük taslak'!AO56 -> 0.0439 | DA3: ='Günlük taslak'!AP56 -> 0.0639 | DB3: ='Günlük taslak'!AQ56 -> 0.0329 | DC3: ='Günlük taslak'!AR45 -> 0.033445657 | DE3: Bybit | DF3: ='Günlük taslak'!AL92 -> 0.03 | DG3: ='Günlük taslak'!AM92 -> 0.034 | DH3: ='Günlük taslak'!AN92 -> 0.035 | DI3: ='Günlük taslak'!AO92 -> 0.0439 | DJ3: ='Günlük taslak'!AP92 -> 0.0647 | DK3: ='Günlük taslak'!AQ92 -> 0.0329 | DL3: ='Günlük taslak'!AR92 -> 0.033445657
A4: OKX | B4: ='Günlük taslak'!B7 -> 0.02970841 | C4: ='Günlük taslak'!C7 -> 0.029716873 | D4: ='Günlük taslak'!D7 -> 0.029736229 | E4: ='Günlük taslak'!E7 -> 0.029772568 | F4: ='Günlük taslak'!F7 -> 0.029808966 | G4: 0.0297 | H4: ='Günlük taslak'!H8 -> 0.030145392 | J4: OKX | K4: ='Günlük taslak'!B48 -> 0.025005138 | L4: ='Günlük taslak'!C48 -> 0.025011133 | M4: ='Günlük taslak'!D48 -> 0.025024845 | N4: ='Günlük taslak'!E48 -> 0.025050581 | O4: ='Günlük taslak'!F48 -> 0.025076352 | P4: 0.025 | Q4: ='Günlük taslak'!H49 -> 0.025314243 | S4: OKX | T4: ='Günlük taslak'!B92 -> 0.025005138 | U4: ='Günlük taslak'!C92 -> 0.025011133 | V4: ='Günlük taslak'!D92 -> 0.025024845 | W4: ='Günlük taslak'!E92 -> 0.025050581 | X4: ='Günlük taslak'!F92 -> 0.025076352 | Y4: 2.50% | Z4: ='Günlük taslak'!H93 -> 0.025314243 | AB4: OKX | AC4: ='Günlük taslak'!K27 -> 0.025005138 | AD4: ='Günlük taslak'!L27 -> 0.025011133 | AE4: ='Günlük taslak'!M27 -> 0.025024845 | AF4: ='Günlük taslak'!N27 -> 0.025050581 | AG4: ='Günlük taslak'!O27 -> 0.025076352 | AH4: 0.025 | AI4: ='Günlük taslak'!Q28 -> 0.025314243 | AK4: OKX | AL4: ='Günlük taslak'!K69 -> 0.025005138 | AM4: ='Günlük taslak'!L69 -> 0.025011133 | AN4: ='Günlük taslak'!M69 -> 0.025024845 | AO4: ='Günlük taslak'!N69 -> 0.025050581 | AP4: ='Günlük taslak'!O69 -> 0.025076352 | AQ4: 0.025 | AR4: ='Günlük taslak'!Q70 -> 0.025314243 | AT4: OKX | AU4: ='Günlük taslak'!T7 -> 0.025005138 | AV4: ='Günlük taslak'!U7 -> 0.025011133 | AW4: ='Günlük taslak'!V7 -> 0.025024845 | AX4: ='Günlük taslak'!W7 -> 0.025050581 | AY4: ='Günlük taslak'!X7 -> 0.025076352 | AZ4: 2.50% | BA4: ='Günlük taslak'!Z8 -> 0.025314243 | BC4: OKX | BD4: ='Günlük taslak'!T49 -> 0.025005138 | BE4: ='Günlük taslak'!U49 -> 0.025011133 | BF4: ='Günlük taslak'!V49 -> 0.025024845 | BG4: ='Günlük taslak'!W49 -> 0.025050581 | BH4: ='Günlük taslak'!X49 -> 0.025076352 | BI4: ='Günlük taslak'!Y49 -> 0.025 | BJ4: ='Günlük taslak'!Z49 -> 0.025314243 | BL4: OKX | BM4: ='Günlük taslak'!T102 -> 0.025005138 | BN4: ='Günlük taslak'!U102 -> 0.025011133 | BO4: ='Günlük taslak'!V102 -> 0.025024845 | BP4: ='Günlük taslak'!W102 -> 0.025050581 | BQ4: ='Günlük taslak'!X102 -> 0.025076352 | BR4: ='Günlük taslak'!Y102 -> 0.025 | BS4: ='Günlük taslak'!Z102 -> 0.025314243 | BU4: OKX | BV4: ='Günlük taslak'!AC38 -> 0.025005138 | BW4: ='Günlük taslak'!AD38 -> 0.025011133 | BX4: ='Günlük taslak'!AE38 -> 0.025024845 | BY4: ='Günlük taslak'!AF38 -> 0.025050581 | BZ4: ='Günlük taslak'!AG38 -> 0.025076352 | CA4: ='Günlük taslak'!AH38 -> 0.025 | CB4: ='Günlük taslak'!AI38 -> 0.025314243 | CD4: OKX | CE4: ='Günlük taslak'!AC82 -> 0.025005138 | CF4: ='Günlük taslak'!AD82 -> 0.025011133 | CG4: ='Günlük taslak'!AE82 -> 0.025024845 | CH4: ='Günlük taslak'!AF82 -> 0.025050581 | CI4: ='Günlük taslak'!AG82 -> 0.025076352 | CJ4: ='Günlük taslak'!AH82 -> 0.025 | CK4: ='Günlük taslak'!AI82 -> 0.025314243 | CM4: OKX | CN4: ='Günlük taslak'!AL17 -> 0.025005138 | CO4: ='Günlük taslak'!AM17 -> 0.025011133 | CP4: ='Günlük taslak'!AN17 -> 0.025024845 | CQ4: ='Günlük taslak'!AO17 -> 0.025050581 | CR4: ='Günlük taslak'!AP17 -> 0.025076352 | CS4: ='Günlük taslak'!AQ17 -> 0.025 | CT4: ='Günlük taslak'!AR6 -> 0.025314243 | CV4: OKX | CW4: ='Günlük taslak'!AL58 -> 0.025005138 | CX4: ='Günlük taslak'!AM58 -> 0.025011133 | CY4: ='Günlük taslak'!AN58 -> 0.025024845 | CZ4: ='Günlük taslak'!AO58 -> 0.025050581 | DA4: ='Günlük taslak'!AP58 -> 0.025076352 | DB4: ='Günlük taslak'!AQ47 -> 0.025 | DC4: ='Günlük taslak'!AR58 -> 0.025314243 | DE4: OKX | DF4: ='Günlük taslak'!AL94 -> 0.025005138 | DG4: ='Günlük taslak'!AM94 -> 0.025011133 | DH4: ='Günlük taslak'!AN94 -> 0.025024845 | DI4: ='Günlük taslak'!AO94 -> 0.025050581 | DJ4: ='Günlük taslak'!AP94 -> 0.025076352 | DK4: ='Günlük taslak'!AQ94 -> 0.025 | DL4: ='Günlük taslak'!AR94 -> 0.025314243
A5: Gate I.O | B5: 0.04 | C5: ='Günlük taslak'!C9 -> 0.03071679 | D5: 0.0548 | E5: ='Günlük taslak'!E9 -> 0.030776298 | F5: ='Günlük taslak'!F9 -> 0.03081519 | G5: 0.0307 | H5: ='Günlük taslak'!H10 -> 0.031174773 | J5: Gate I.O | K5: 0.0398 | L5: ='Günlük taslak'!C50 -> 0.030216247 | M5: 0.0548 | N5: ='Günlük taslak'!E50 -> 0.030273831 | O5: ='Günlük taslak'!F50 -> 0.030311464 | P5: 0.0302 | Q5: ='Günlük taslak'!H51 -> 0.030659358 | S5: Gate I.O | T5: 3.86% | U5: ='Günlük taslak'!C94 -> 0.030416463 | V5: 5.48% | W5: ='Günlük taslak'!E94 -> 0.030474813 | X5: ='Günlük taslak'!F94 -> 0.030512947 | Y5: 3.04% | Z5: ='Günlük taslak'!H95 -> 0.030865493 | AB5: Gate I.O | AC5: 0.0386 | AD5: ='Günlük taslak'!L19 -> 0.032318586 | AE5: 0.0548 | AF5: ='Günlük taslak'!N9 -> 0.032686043 | AG5: ='Günlük taslak'!O9 -> 0.032729909 | AH5: 0.0323 | AI5: ='Günlük taslak'!Q30 -> 0.032825831 | AK5: Gate I.O | AL5: 0.0386 | AM5: ='Günlük taslak'!L71 -> 0.031617789 | AN5: 0.0548 | AO5: ='Günlük taslak'!N61 -> 0.03158033 | AP5: ='Günlük taslak'!O61 -> 0.03162128 | AQ5: 0.0316 | AR5: ='Günlük taslak'!Q72 -> 0.032103169 | AT5: Gate I.O | AU5: 3.86% | AV5: ='Günlük taslak'!U9 -> 0.03111723 | AW5: 5.48% | AX5: ='Günlük taslak'!W9 -> 0.031178301 | AY5: ='Günlük taslak'!X9 -> 0.031218215 | AZ5: 3.11% | BA5: ='Günlük taslak'!Z10 -> 0.031587291 | BC5: Gate I.O | BD5: ='Günlük taslak'!T51 -> 0.0376 | BE5: ='Günlük taslak'!U51 -> 0.031818015 | BF5: ='Günlük taslak'!V51 -> 0.0548 | BG5: ='Günlük taslak'!W51 -> 0.031881868 | BH5: ='Günlük taslak'!X51 -> 0.031923604 | BI5: ='Günlük taslak'!Y51 -> 0.0318 | BJ5: ='Günlük taslak'!Z51 -> 0.032309593 | BL5: Gate I.O | BM5: ='Günlük taslak'!T104 -> 0.0376 | BN5: ='Günlük taslak'!U104 -> 0.029935543 | BO5: ='Günlük taslak'!V104 -> 0.0548 | BP5: ='Günlük taslak'!W104 -> 0.02997237 | BQ5: ='Günlük taslak'!X104 -> 0.030009258 | BR5: ='Günlük taslak'!Y104 -> 0.0299 | BS5: ='Günlük taslak'!Z104 -> 0.030350232 | BU5: Gate I.O | BV5: ='Günlük taslak'!AC40 -> 0.0376 | BW5: ='Günlük taslak'!AD40 -> 0.029715714 | BX5: ='Günlük taslak'!AE40 -> 0.0548 | BY5: ='Günlük taslak'!AF40 -> 0.029771404 | BZ5: ='Günlük taslak'!AG40 -> 0.0298078 | CA5: ='Günlük taslak'!AH40 -> 0.0297 | CB5: ='Günlük taslak'!AI40 -> 0.030144199 | CD5: Gate I.O | CE5: ='Günlük taslak'!AC84 -> 0.0381 | CF5: ='Günlük taslak'!AD84 -> 0.03101712 | CG5: ='Günlük taslak'!AE84 -> 0.0548 | CH5: ='Günlük taslak'!AF84 -> 0.031077798 | CI5: ='Günlük taslak'!AG84 -> 0.031117455 | CJ5: ='Günlük taslak'!AH84 -> 0.031 | CK5: ='Günlük taslak'!AI84 -> 0.031484146 | CM5: Gate I.O | CN5: ='Günlük taslak'!AL19 -> 0.0376 | CO5: ='Günlük taslak'!AM19 -> 0.030816899 | CP5: ='Günlük taslak'!AN19 -> 0.0548 | CQ5: ='Günlük taslak'!AO19 -> 0.030876796 | CR5: ='Günlük taslak'!AP19 -> 0.030915943 | CS5: ='Günlük taslak'!AQ8 -> 0.0308 | CT5: ='Günlük taslak'!AR19 -> 0.031277887 | CV5: Gate I.O | CW5: ='Günlük taslak'!AL60 -> 0.037 | CX5: ='Günlük taslak'!AM60 -> 0.027913866 | CY5: ='Günlük taslak'!AN60 -> 0.0548 | CZ5: ='Günlük taslak'!AO60 -> 0.027963006 | DA5: ='Günlük taslak'!AP60 -> 0.027995115 | DB5: ='Günlük taslak'!AQ49 -> 0.0281 | DC5: ='Günlük taslak'!AR60 -> 0.028291754 | DE5: Gate I.O | DF5: ='Günlük taslak'!AL96 -> 0.0357 | DG5: ='Günlük taslak'!AM96 -> 0.028514469 | DH5: ='Günlük taslak'!AN96 -> 0.0548 | DI5: ='Günlük taslak'!AO96 -> 0.028565747 | DJ5: ='Günlük taslak'!AP96 -> 0.028599255 | DK5: ='Günlük taslak'!AQ96 -> 0.0285 | DL5: ='Günlük taslak'!AR96 -> 0.028908866
A7: 46078 | B7: 7D | C7: 14D | D7: 30D | E7: 60D | F7: 90D | G7: Flexible | H7: Annual | J7: 46082 | K7: 7D | L7: 14D | M7: 30D | N7: 60D | O7: 90D | P7: Flexible | Q7: Annual | S7: 46086 | T7: 7D | U7: 14D | V7: 30D | W7: 60D | X7: 90D | Y7: Flexible | Z7: Annual | AB7: 46090 | AC7: 7D | AD7: 14D | AE7: 30D | AF7: 60D | AG7: 90D | AH7: Flexible | AI7: Annual | AK7: 46094 | AL7: 7D | AM7: 14D | AN7: 30D | AO7: 60D | AP7: 90D | AQ7: Flexible | AR7: Annual | AT7: 46098 | AU7: 7D | AV7: 14D | AW7: 30D | AX7: 60D | AY7: 90D | AZ7: Flexible | BA7: Annual | BC7: 46102 | BD7: 7D | BE7: 14D | BF7: 30D | BG7: 60D | BH7: 90D | BI7: Flexible | BJ7: Annual | BL7: 46107 | BM7: 7D | BN7: 14D | BO7: 30D | BP7: 60D | BQ7: 90D | BR7: Flexible | BS7: Annual | BU7: 46111 | BV7: 7D | BW7: 14D | BX7: 30D | BY7: 60D | BZ7: 90D | CA7: Flexible | CB7: Annual | CD7: 46115 | CE7: 7D | CF7: 14D | CG7: 30D | CH7: 60D | CI7: 90D | CJ7: Flexible | CK7: Annual | CM7: 46119 | CN7: 7D | CO7: 14D | CP7: 30D | CQ7: 60D | CR7: 90D | CS7: Flexible | CT7: Annual | CV7: 46123 | CW7: 7D | CX7: 14D | CY7: 30D | CZ7: 60D | DA7: 90D | DB7: Flexible | DC7: Annual | DE7: 46127 | DF7: 7D | DG7: 14D | DH7: 30D | DI7: 60D | DJ7: 90D | DK7: Flexible | DL7: Annual
A8: Binance | B8: ='Günlük taslak'!B13 -> 0.030407597 | C8: ='Günlük taslak'!C13 -> 0.030416463 | D8: ='Günlük taslak'!D13 -> 0.030436742 | E8: ='Günlük taslak'!E13 -> 0.030474813 | F8: ='Günlük taslak'!F13 -> 0.030512947 | G8: 0.0304 | H8: ='Günlük taslak'!H14 -> 0.030865493 | J8: Binance | K8: ='Günlük taslak'!B55 -> 0.031107951 | L8: ='Günlük taslak'!C55 -> 0.03111723 | M8: ='Günlük taslak'!D55 -> 0.031138454 | N8: ='Günlük taslak'!E55 -> 0.031178301 | O8: ='Günlük taslak'!F55 -> 0.031218215 | P8: 0.0311 | Q8: ='Günlük taslak'!H56 -> 0.031587291 | S8: Binance | T8: ='Günlük taslak'!B98 -> 0.031708261 | U8: ='Günlük taslak'!C98 -> 0.031717902 | V8: ='Günlük taslak'!D98 -> 0.031739953 | W8: ='Günlük taslak'!E98 -> 0.031781354 | X8: ='Günlük taslak'!F98 -> 0.031822827 | Y8: 0.0317 | Z8: ='Günlük taslak'!H99 -> 0.032206376 | AB8: Binance | AC8: ='Günlük taslak'!K33 -> 0.0310079 | AD8: ='Günlük taslak'!L33 -> 0.03101712 | AE8: ='Günlük taslak'!M33 -> 0.031038207 | AF8: ='Günlük taslak'!N33 -> 0.031077798 | AG8: ='Günlük taslak'!O33 -> 0.031117455 | AH8: 0.031 | AI8: ='Günlük taslak'!Q34 -> 0.031484146 | AK8: Binance | AL8: ='Günlük taslak'!K76 -> 0.030607697 | AM8: ='Günlük taslak'!L76 -> 0.03061668 | AN8: ='Günlük taslak'!M76 -> 0.030637227 | AO8: ='Günlük taslak'!N76 -> 0.030675801 | AP8: ='Günlük taslak'!O76 -> 0.03071444 | AQ8: 0.0306 | AR8: ='Günlük taslak'!Q77 -> 0.03107167 | AT8: Binance | AU8: ='Günlük taslak'!T13 -> 0.033509225 | AV8: ='Günlük taslak'!U13 -> 0.033519993 | AW8: ='Günlük taslak'!V13 -> 0.033544621 | AX8: ='Günlük taslak'!W13 -> 0.033590864 | AY8: ='Günlük taslak'!X13 -> 0.033637191 | AZ8: 0.0335 | BA8: ='Günlük taslak'!Z14 -> 0.034065854 | BC8: Binance | BD8: ='Günlük taslak'!T55 -> 0.029006913 | BE8: ='Günlük taslak'!U55 -> 0.029014981 | BF8: ='Günlük taslak'!V55 -> 0.029033434 | BG8: ='Günlük taslak'!W55 -> 0.029068076 | BH8: ='Günlük taslak'!X55 -> 0.029102772 | BI8: ='Günlük taslak'!Y55 -> 0.029 | BJ8: ='Günlük taslak'!Z55 -> 0.029423409 | BL8: Binance | BM8: ='Günlük taslak'!AC4 -> 0.0298073 | BN8: ='Günlük taslak'!AD4 -> 0.02981582 | BO8: ='Günlük taslak'!AE4 -> 0.029835305 | BP8: ='Günlük taslak'!AF4 -> 0.029871887 | BQ8: ='Günlük taslak'!AG4 -> 0.029908528 | BR8: ='Günlük taslak'!AH4 -> 0.0298 | BS8: ='Günlük taslak'!AI4 -> 0.03024721 | BU8: Binance | BV8: ='Günlük taslak'!AC44 -> 0.0298073 | BW8: ='Günlük taslak'!AD44 -> 0.02981582 | BX8: ='Günlük taslak'!AE44 -> 0.029835305 | BY8: ='Günlük taslak'!AF44 -> 0.029871887 | BZ8: ='Günlük taslak'!AG44 -> 0.029908528 | CA8: ='Günlük taslak'!AH44 -> 0.0298 | CB8: ='Günlük taslak'!AI44 -> 0.03024721 | CD8: Binance | CE8: ='Günlük taslak'!AC88 -> 0.030907849 | CF8: ='Günlük taslak'!AD88 -> 0.030917009 | CG8: ='Günlük taslak'!AE88 -> 0.030937961 | CH8: ='Günlük taslak'!AF88 -> 0.030977296 | CI8: ='Günlük taslak'!AG88 -> 0.031016698 | CJ8: ='Günlük taslak'!AH88 -> 0.0309 | CK8: ='Günlük taslak'!AI88 -> 0.031381012 | CM8: Binance | CN8: ='Günlük taslak'!AL24 -> 0.031208002 | CO8: ='Günlük taslak'!AM24 -> 0.031217341 | CP8: ='Günlük taslak'!AN24 -> 0.031238702 | CQ8: ='Günlük taslak'!AO24 -> 0.031278805 | CR8: ='Günlük taslak'!AP24 -> 0.031318978 | CS8: ='Günlük taslak'!AQ24 -> 0.0312 | CT8: ='Günlük taslak'!AR24 -> 0.031690446 | CV8: Binance | CW8: ='Günlük taslak'!AL64 -> 0.026405729 | CX8: ='Günlük taslak'!AM64 -> 0.026412415 | CY8: ='Günlük taslak'!AN64 -> 0.026427706 | CZ8: ='Günlük taslak'!AO64 -> 0.026456408 | DA8: ='Günlük taslak'!AP64 -> 0.026485152 | DB8: ='Günlük taslak'!AQ64 -> 0.0264 | DC8: ='Günlük taslak'!AR64 -> 0.026750587 | DE8: Binance | DF8: ='Günlük taslak'!AL100 -> 0.027206082 | DG8: ='Günlük taslak'!AM100 -> 0.027213179 | DH8: ='Günlük taslak'!AN100 -> 0.027229411 | DI8: ='Günlük taslak'!AO100 -> 0.027259882 | DJ8: ='Günlük taslak'!AP100 -> 0.027290397 | DK8: ='Günlük taslak'!AQ100 -> 0.0272 | DL8: ='Günlük taslak'!AR100 -> 0.027572256
A9: Bybit | B9: 0.03 | C9: 0.0315 | D9: 0.0439 | E9: 0.0499 | F9: 0.0585 | G9: 0.0344 | H9: ='Günlük taslak'!H16 -> 0.034996846 | J9: Bybit | K9: 0.032 | L9: 0.0335 | M9: 0.032 | N9: 0.05 | O9: 0.0537 | P9: 0.0351 | Q9: ='Günlük taslak'!H57 -> 0.035721528 | S9: Bybit | T9: 0.036 | U9: 0.04 | V9: 0.042 | W9: 0.0573 | X9: 0.0579 | Y9: 0.0356 | Z9: ='Günlük taslak'!H100 -> 0.036239468 | AB9: Bybit | AC9: 0.032 | AD9: 0.0409 | AE9: 0.038 | AF9: 0.05 | AG9: 0.0524 | AH9: 0.0344 | AI9: ='Günlük taslak'!Q36 -> 0.034996846 | AK9: Bybit | AL9: 0.033 | AM9: 0.0407 | AN9: 0.038 | AO9: 0.0469 | AP9: 0.0479 | AQ9: 0.0345 | AR9: ='Günlük taslak'!Q79 -> 0.035100341 | AT9: Bybit | AU9: 0.03 | AV9: 0.0394 | AW9: 0.042 | AX9: 0.0439 | AY9: 0.0507 | AZ9: 0.0385 | BA9: ='Günlük taslak'!Z16 -> 0.039248618 | BC9: Bybit | BD9: ='Günlük taslak'!T57 -> 0.0342 | BE9: ='Günlük taslak'!U57 -> 0.034 | BF9: ='Günlük taslak'!V57 -> 0.0349 | BG9: ='Günlük taslak'!W57 -> 0.043 | BH9: ='Günlük taslak'!X57 -> 0.05 | BI9: ='Günlük taslak'!Y57 -> 0.0333 | BJ9: ='Günlük taslak'!Z57 -> 0.033859081 | BL9: Bybit | BM9: ='Günlük taslak'!AC5 -> 0.03 | BN9: ='Günlük taslak'!AD5 -> 0.032 | BO9: ='Günlük taslak'!AE5 -> 0.042 | BP9: ='Günlük taslak'!AF5 -> 0.0438 | BQ9: ='Günlük taslak'!AG5 -> 0.0649 | BR9: ='Günlük taslak'!AH5 -> 0.0332 | BS9: ='Günlük taslak'!AI5 -> 0.033755709 | BU9: Bybit | BV9: ='Günlük taslak'!AC36 -> 0.03 | BW9: ='Günlük taslak'!AD36 -> 0.033 | BX9: ='Günlük taslak'!AE36 -> 0.032 | BY9: ='Günlük taslak'!AF36 -> 0.044 | BZ9: ='Günlük taslak'!AG36 -> 0.056 | CA9: ='Günlük taslak'!AH46 -> 0.0334 | CB9: ='Günlük taslak'!AI46 -> 0.033962462 | CD9: Bybit | CE9: ='Günlük taslak'!AC90 -> 0.031 | CF9: ='Günlük taslak'!AD90 -> 0.0349 | CG9: ='Günlük taslak'!AE90 -> 0.042 | CH9: ='Günlük taslak'!AF90 -> 0.0438 | CI9: ='Günlük taslak'!AG90 -> 0.0597 | CJ9: ='Günlük taslak'!AH90 -> 0.031 | CK9: ='Günlük taslak'!AI90 -> 0.031484146 | CM9: Bybit | CN9: ='Günlük taslak'!AL25 -> 0.0339 | CO9: ='Günlük taslak'!AM25 -> 0.034 | CP9: ='Günlük taslak'!AN25 -> 0.0439 | CQ9: ='Günlük taslak'!AO25 -> 0.04 | CR9: ='Günlük taslak'!AP25 -> 0.05 | CS9: ='Günlük taslak'!AQ25 -> 0.0353 | CT9: ='Günlük taslak'!AR25 -> 0.035928673 | CV9: Bybit | CW9: ='Günlük taslak'!AL65 -> 0.0299 | CX9: ='Günlük taslak'!AM65 -> 0.0344 | CY9: ='Günlük taslak'!AN65 -> 0.0349 | CZ9: ='Günlük taslak'!AO65 -> 0.0438 | DA9: ='Günlük taslak'!AP65 -> 0.05 | DB9: ='Günlük taslak'!AQ65 -> 0.0328 | DC9: ='Günlük taslak'!AR65 -> 0.033342327 | DE9: Bybit | DF9: ='Günlük taslak'!AL101 -> 0.042 | DG9: ='Günlük taslak'!AM101 -> 0.032 | DH9: ='Günlük taslak'!AN101 -> 0.035 | DI9: ='Günlük taslak'!AO101 -> 0.0435 | DJ9: ='Günlük taslak'!AP101 -> 0.0646 | DK9: ='Günlük taslak'!AQ101 -> 0.0329 | DL9: ='Günlük taslak'!AR101 -> 0.033445657
A10: OKX | B10: ='Günlük taslak'!B17 -> 0.030007398 | C10: ='Günlük taslak'!C17 -> 0.030016033 | D10: ='Günlük taslak'!D17 -> 0.030035781 | E10: ='Günlük taslak'!E17 -> 0.030072855 | F10: ='Günlük taslak'!F17 -> 0.030109991 | G10: 0.03 | H10: ='Günlük taslak'!H18 -> 0.030453264 | J10: OKX | K10: ='Günlük taslak'!B59 -> 0.025005138 | L10: ='Günlük taslak'!C59 -> 0.025011133 | M10: ='Günlük taslak'!D59 -> 0.025024845 | N10: ='Günlük taslak'!E59 -> 0.025050581 | O10: ='Günlük taslak'!F59 -> 0.025076352 | P10: 0.025 | Q10: ='Günlük taslak'!H60 -> 0.025314243 | S10: OKX | T10: ='Günlük taslak'!B101 -> 0.025005138 | U10: ='Günlük taslak'!C101 -> 0.025011133 | V10: ='Günlük taslak'!D101 -> 0.025024845 | W10: ='Günlük taslak'!E101 -> 0.025050581 | X10: ='Günlük taslak'!F101 -> 0.025076352 | Y10: 2.50% | Z10: ='Günlük taslak'!H102 -> 0.025314243 | AB10: OKX | AC10: ='Günlük taslak'!K37 -> 0.025005138 | AD10: ='Günlük taslak'!L37 -> 0.025011133 | AE10: ='Günlük taslak'!M37 -> 0.025024845 | AF10: ='Günlük taslak'!N37 -> 0.025050581 | AG10: ='Günlük taslak'!O37 -> 0.025076352 | AH10: 0.025 | AI10: ='Günlük taslak'!Q38 -> 0.025314243 | AK10: OKX | AL10: ='Günlük taslak'!K81 -> 0.025005138 | AM10: ='Günlük taslak'!L81 -> 0.025011133 | AN10: ='Günlük taslak'!M81 -> 0.025024845 | AO10: ='Günlük taslak'!N81 -> 0.025050581 | AP10: ='Günlük taslak'!O81 -> 0.025076352 | AQ10: 0.025 | AR10: ='Günlük taslak'!Q82 -> 0.025314243 | AT10: OKX | AU10: ='Günlük taslak'!T17 -> 0.025005138 | AV10: ='Günlük taslak'!U17 -> 0.025011133 | AW10: ='Günlük taslak'!V17 -> 0.025024845 | AX10: ='Günlük taslak'!W17 -> 0.025050581 | AY10: ='Günlük taslak'!X17 -> 0.025076352 | AZ10: 0.025 | BA10: ='Günlük taslak'!Z18 -> 0.025314243 | BC10: OKX | BD10: ='Günlük taslak'!T60 -> 0.025005138 | BE10: ='Günlük taslak'!U60 -> 0.025011133 | BF10: ='Günlük taslak'!V60 -> 0.025024845 | BG10: ='Günlük taslak'!W60 -> 0.025050581 | BH10: ='Günlük taslak'!X60 -> 0.025076352 | BI10: ='Günlük taslak'!Y60 -> 0.025 | BJ10: ='Günlük taslak'!Z60 -> 0.025314243 | BL10: OKX | BM10: ='Günlük taslak'!AC8 -> 0.025005138 | BN10: ='Günlük taslak'!AD8 -> 0.025011133 | BO10: ='Günlük taslak'!AE8 -> 0.025024845 | BP10: ='Günlük taslak'!AF8 -> 0.025050581 | BQ10: ='Günlük taslak'!AG8 -> 0.025076352 | BR10: ='Günlük taslak'!AH8 -> 0.025 | BS10: ='Günlük taslak'!AI8 -> 0.025314243 | BU10: OKX | BV10: ='Günlük taslak'!AC38 -> 0.025005138 | BW10: ='Günlük taslak'!AD38 -> 0.025011133 | BX10: ='Günlük taslak'!AE38 -> 0.025024845 | BY10: ='Günlük taslak'!AF38 -> 0.025050581 | BZ10: ='Günlük taslak'!AG38 -> 0.025076352 | CA10: ='Günlük taslak'!AH49 -> 0.025 | CB10: ='Günlük taslak'!AI49 -> 0.025314243 | CD10: OKX | CE10: ='Günlük taslak'!AC93 -> 0.025005138 | CF10: ='Günlük taslak'!AD93 -> 0.025011133 | CG10: ='Günlük taslak'!AE93 -> 0.025024845 | CH10: ='Günlük taslak'!AF93 -> 0.025050581 | CI10: ='Günlük taslak'!AG93 -> 0.025076352 | CJ10: ='Günlük taslak'!AH93 -> 0.025 | CK10: ='Günlük taslak'!AI93 -> 0.025314243 | CM10: OKX | CN10: ='Günlük taslak'!AL27 -> 0.025005138 | CO10: ='Günlük taslak'!AM27 -> 0.025011133 | CP10: ='Günlük taslak'!AN27 -> 0.025024845 | CQ10: ='Günlük taslak'!AO27 -> 0.025050581 | CR10: ='Günlük taslak'!AP27 -> 0.025076352 | CS10: ='Günlük taslak'!AQ17 -> 0.025 | CT10: ='Günlük taslak'!AR17 -> 0.025314243 | CV10: OKX | CW10: ='Günlük taslak'!AL67 -> 0.025005138 | CX10: ='Günlük taslak'!AM67 -> 0.025011133 | CY10: ='Günlük taslak'!AN67 -> 0.025024845 | CZ10: ='Günlük taslak'!AO67 -> 0.025050581 | DA10: ='Günlük taslak'!AP67 -> 0.025076352 | DB10: ='Günlük taslak'!AQ67 -> 0.025 | DC10: ='Günlük taslak'!AR67 -> 0.025314243 | DE10: OKX | DF10: ='Günlük taslak'!AL103 -> 0.025005138 | DG10: ='Günlük taslak'!AM103 -> 0.025011133 | DH10: ='Günlük taslak'!AN103 -> 0.025024845 | DI10: ='Günlük taslak'!AO103 -> 0.025050581 | DJ10: ='Günlük taslak'!AP103 -> 0.025076352 | DK10: ='Günlük taslak'!AQ103 -> 0.025 | DL10: ='Günlük taslak'!AR103 -> 0.025314243
A11: Gate I.O | B11: 0.04 | C11: ='Günlük taslak'!C19 -> 0.03071679 | D11: 0.0548 | E11: ='Günlük taslak'!E19 -> 0.030776298 | F11: ='Günlük taslak'!F19 -> 0.03081519 | G11: 0.0307 | H11: ='Günlük taslak'!H20 -> 0.031174773 | J11: Gate I.O | K11: 0.0396 | L11: ='Günlük taslak'!C61 -> 0.02981582 | M11: 0.0548 | N11: ='Günlük taslak'!E61 -> 0.029871887 | O11: ='Günlük taslak'!F61 -> 0.029908528 | P11: 0.0298 | Q11: ='Günlük taslak'!H62 -> 0.03024721 | S11: Gate I.O | T11: 3.86% | U11: ='Günlük taslak'!C103 -> 0.032218471 | V11: 5.48% | W11: ='Günlük taslak'!E103 -> 0.032283943 | X11: ='Günlük taslak'!F103 -> 0.032326737 | Y11: 3.22% | Z11: ='Günlük taslak'!H104 -> 0.032722563 | AB11: Gate I.O | AC11: 0.0386 | AD11: ='Günlük taslak'!L39 -> 0.031417564 | AE11: 0.0548 | AF11: ='Günlük taslak'!N39 -> 0.03147982 | AG11: ='Günlük taslak'!O39 -> 0.03152051 | AH11: 0.0314 | AI11: ='Günlük taslak'!Q40 -> 0.031896787 | AK11: Gate I.O | AL11: 0.0386 | AM11: ='Günlük taslak'!L83 -> 0.031417564 | AN11: 0.0548 | AO11: ='Günlük taslak'!N83 -> 0.03147982 | AP11: ='Günlük taslak'!O83 -> 0.03152051 | AQ11: 0.0314 | AR11: ='Günlük taslak'!Q84 -> 0.031896787 | AT11: Gate I.O | AU11: ='Günlük taslak'!T20 -> 0.0386 | AV11: ='Günlük taslak'!U19 -> 0.03111723 | AW11: ='Günlük taslak'!V20 -> 0.0548 | AX11: ='Günlük taslak'!W19 -> 0.031178301 | AY11: ='Günlük taslak'!X19 -> 0.031218215 | AZ11: 0.0311 | BA11: ='Günlük taslak'!Z20 -> 0.031587291 | BC11: Gate I.O | BD11: ='Günlük taslak'!T62 -> 0.0376 | BE11: ='Günlük taslak'!U62 -> 0.028614571 | BF11: ='Günlük taslak'!V62 -> 0.0548 | BG11: ='Günlük taslak'!W62 -> 0.028666209 | BH11: ='Günlük taslak'!X62 -> 0.028699953 | BI11: ='Günlük taslak'!Y62 -> 0.0286 | BJ11: ='Günlük taslak'!Z62 -> 0.029011754 | BL11: Gate I.O | BM11: ='Günlük taslak'!AC10 -> 0.0376 | BN11: ='Günlük taslak'!AD10 -> 0.030216247 | BO11: ='Günlük taslak'!AE10 -> 0.0548 | BP11: ='Günlük taslak'!AF10 -> 0.030273831 | BQ11: ='Günlük taslak'!AG10 -> 0.030311464 | BR11: ='Günlük taslak'!AH10 -> 0.0302 | BS11: ='Günlük taslak'!AI10 -> 0.030659358 | BU11: Gate I.O | BV11: ='Günlük taslak'!AC51 -> 0.0376 | BW11: ='Günlük taslak'!AD51 -> 0.029715714 | BX11: ='Günlük taslak'!AE51 -> 0.0548 | BY11: ='Günlük taslak'!AF51 -> 0.029771404 | BZ11: ='Günlük taslak'!AG51 -> 0.0298078 | CA11: ='Günlük taslak'!AH51 -> 0.0297 | CB11: ='Günlük taslak'!AI51 -> 0.030144199 | CD11: Gate I.O | CE11: ='Günlük taslak'!AC95 -> 0.0381 | CF11: ='Günlük taslak'!AD95 -> 0.031818015 | CG11: ='Günlük taslak'!AE95 -> 0.0548 | CH11: ='Günlük taslak'!AF95 -> 0.031881868 | CI11: ='Günlük taslak'!AG95 -> 0.031923604 | CJ11: ='Günlük taslak'!AH95 -> 0.0318 | CK11: ='Günlük taslak'!AI95 -> 0.032309593 | CM11: Gate I.O | CN11: ='Günlük taslak'!AL29 -> 0.0386 | CO11: ='Günlük taslak'!AM29 -> 0.032218471 | CP11: ='Günlük taslak'!AN29 -> 0.0548 | CQ11: ='Günlük taslak'!AO29 -> 0.032283943 | CR11: ='Günlük taslak'!AP29 -> 0.032326737 | CS11: ='Günlük taslak'!AQ29 -> 0.0322 | CT11: ='Günlük taslak'!AR29 -> 0.032722563 | CV11: Gate I.O | CW11: ='Günlük taslak'!AL69 -> 0.0357 | CX11: ='Günlük taslak'!AM69 -> 0.028214166 | CY11: ='Günlük taslak'!AN69 -> 0.0548 | CZ11: ='Günlük taslak'!AO69 -> 0.028264369 | DA11: ='Günlük taslak'!AP69 -> 0.028297174 | DB11: ='Günlük taslak'!AQ69 -> 0.0282 | DC11: ='Günlük taslak'!AR69 -> 0.028600264 | DE11: Gate I.O | DF11: ='Günlük taslak'!AL105 -> 0.0357 | DG11: ='Günlük taslak'!AM105 -> 0.027713668 | DH11: ='Günlük taslak'!AN105 -> 0.0548 | DI11: ='Günlük taslak'!AO105 -> 0.027762105 | DJ11: ='Günlük taslak'!AP105 -> 0.027793755 | DK11: ='Günlük taslak'!AQ105 -> 0.0277 | DL11: ='Günlük taslak'!AR105 -> 0.028086131
A13: 46079 | B13: 7D | C13: 14D | D13: 30D | E13: 60D | F13: 90D | G13: Flexible | H13: Annual | J13: 46083 | K13: 7D | L13: 14D | M13: 30D | N13: 60D | O13: 90D | P13: Flexible | Q13: Annual | S13: 46087 | T13: 7D | U13: 14D | V13: 30D | W13: 60D | X13: 90D | Y13: Flexible | Z13: Annual | AB13: 46091 | AC13: 7D | AD13: 14D | AE13: 30D | AF13: 60D | AG13: 90D | AH13: Flexible | AI13: Annual | AK13: 46095 | AL13: 7D | AM13: 14D | AN13: 30D | AO13: 60D | AP13: 90D | AQ13: Flexible | AR13: Annual | AT13: 46099 | AU13: 7D | AV13: 14D | AW13: 30D | AX13: 60D | AY13: 90D | AZ13: Flexible | BA13: Annual | BC13: 46103 | BD13: 7D | BE13: 14D | BF13: 30D | BG13: 60D | BH13: 90D | BI13: Flexible | BJ13: Annual | BL13: 46108 | BM13: 7D | BN13: 14D | BO13: 30D | BP13: 60D | BQ13: 90D | BR13: Flexible | BS13: Annual | BU13: 46112 | BV13: 7D | BW13: 14D | BX13: 30D | BY13: 60D | BZ13: 90D | CA13: Flexible | CB13: Annual | CD13: 46116 | CE13: 7D | CF13: 14D | CG13: 30D | CH13: 60D | CI13: 90D | CJ13: Flexible | CK13: Annual | CM13: 46120 | CN13: 7D | CO13: 14D | CP13: 30D | CQ13: 60D | CR13: 90D | CS13: Flexible | CT13: Annual | CV13: 46124 | CW13: 7D | CX13: 14D | CY13: 30D | CZ13: 60D | DA13: 90D | DB13: Flexible | DC13: Annual | DE13: 46128 | DF13: 7D | DG13: 14D | DH13: 30D | DI13: 60D | DJ13: 90D | DK13: Flexible | DL13: Annual
A14: Binance | B14: ='Günlük taslak'!B23 -> 0.031908365 | C14: ='Günlük taslak'!C23 -> 0.031918128 | D14: ='Günlük taslak'!D23 -> 0.031940459 | E14: ='Günlük taslak'!E23 -> 0.031982384 | F14: ='Günlük taslak'!F23 -> 0.032024383 | G14: 0.0319 | H14: ='Günlük taslak'!H24 -> 0.03241282 | J14: Binance | K14: ='Günlük taslak'!B65 -> 0.031308053 | L14: ='Günlük taslak'!C65 -> 0.031317453 | M14: ='Günlük taslak'!D65 -> 0.03133895 | N14: ='Günlük taslak'!E65 -> 0.031379312 | O14: ='Günlük taslak'!F65 -> 0.031419743 | P14: 0.0313 | Q14: ='Günlük taslak'!H66 -> 0.031793611 | S14: Binance | T14: ='Günlük taslak'!K3 -> 0.032308576 | U14: ='Günlük taslak'!L3 -> 0.032318586 | V14: ='Günlük taslak'!M3 -> 0.03234148 | W14: ='Günlük taslak'!N3 -> 0.032384465 | X14: ='Günlük taslak'!O3 -> 0.032427526 | Y14: 0.0323 | Z14: ='Günlük taslak'!Q4 -> 0.032825831 | AB14: Binance | AC14: ='Günlük taslak'!K43 -> 0.030207497 | AD14: ='Günlük taslak'!L43 -> 0.030216247 | AE14: ='Günlük taslak'!M43 -> 0.03023626 | AF14: ='Günlük taslak'!N43 -> 0.030273831 | AG14: ='Günlük taslak'!O43 -> 0.030311464 | AH14: 0.0302 | AI14: ='Günlük taslak'!Q44 -> 0.030659358 | AK14: Binance | AL14: ='Günlük taslak'!K87 -> 0.029907349 | AM14: ='Günlük taslak'!L87 -> 0.029915926 | AN14: ='Günlük taslak'!M87 -> 0.029935543 | AO14: ='Günlük taslak'!N87 -> 0.02997237 | AP14: ='Günlük taslak'!O87 -> 0.030009258 | AQ14: 2.99% | AR14: ='Günlük taslak'!Q88 -> 0.030350232 | AT14: Binance | AU14: ='Günlük taslak'!T23 -> 0.032308576 | AV14: ='Günlük taslak'!U23 -> 0.032318586 | AW14: ='Günlük taslak'!V23 -> 0.03234148 | AX14: ='Günlük taslak'!W23 -> 0.032384465 | AY14: ='Günlük taslak'!X23 -> 0.032427526 | AZ14: ='Günlük taslak'!Y24 -> 0.0323 | BA14: ='Günlük taslak'!Z24 -> 0.032825831 | BC14: Binance | BD14: ='Günlük taslak'!T66 -> 0.028306584 | BE14: ='Günlük taslak'!U66 -> 0.028314267 | BF14: ='Günlük taslak'!V66 -> 0.028331839 | BG14: ='Günlük taslak'!W66 -> 0.028364827 | BH14: ='Günlük taslak'!X66 -> 0.028397865 | BI14: ='Günlük taslak'!Y66 -> 0.0283 | BJ14: ='Günlük taslak'!Z66 -> 0.028703121 | BL14: Binance | BM14: ='Günlük taslak'!AC14 -> 0.029907349 | BN14: ='Günlük taslak'!AD14 -> 0.029915926 | BO14: ='Günlük taslak'!AE14 -> 0.029935543 | BP14: ='Günlük taslak'!AF14 -> 0.02997237 | BQ14: ='Günlük taslak'!AG14 -> 0.030009258 | BR14: ='Günlük taslak'!AH14 -> 0.0299 | BS14: ='Günlük taslak'!AI14 -> 0.030350232 | BU14: Binance | BV14: ='Günlük taslak'!AC56 -> 0.030507647 | BW14: ='Günlük taslak'!AD56 -> 0.030516572 | BX14: ='Günlük taslak'!AE56 -> 0.030536984 | BY14: ='Günlük taslak'!AF56 -> 0.030575306 | BZ14: ='Günlük taslak'!AG56 -> 0.030613693 | CA14: ='Günlük taslak'!AH56 -> 0.0305 | CB14: ='Günlük taslak'!AI56 -> 0.030968576 | CD14: Binance | CE14: ='Günlük taslak'!AC99 -> 0.0310079 | CF14: ='Günlük taslak'!AD99 -> 0.03101712 | CG14: ='Günlük taslak'!AE99 -> 0.031038207 | CH14: ='Günlük taslak'!AF99 -> 0.031077798 | CI14: ='Günlük taslak'!AG99 -> 0.031117455 | CJ14: ='Günlük taslak'!AH99 -> 0.031 | CK14: ='Günlük taslak'!AI99 -> 0.031484146 | CM14: Binance | CN14: ='Günlük taslak'!AL34 -> 0.033609281 | CO14: ='Günlük taslak'!AM34 -> 0.033620112 | CP14: ='Günlük taslak'!AN34 -> 0.033644888 | CQ14: ='Günlük taslak'!AO34 -> 0.033691407 | CR14: ='Günlük taslak'!AP34 -> 0.033738013 | CS14: ='Günlük taslak'!AQ34 -> 0.0336 | CT14: ='Günlük taslak'!AR34 -> 0.034169256 | CV14: Binance | CW14: ='Günlük taslak'!AL73 -> 0.026505773 | CX14: ='Günlük taslak'!AM73 -> 0.026512509 | CY14: ='Günlük taslak'!AN73 -> 0.026527917 | CZ14: ='Günlük taslak'!AO73 -> 0.026556837 | DA14: ='Günlük taslak'!AP73 -> 0.026585799 | DB14: ='Günlük taslak'!AQ73 -> 0.0265 | DC14: ='Günlük taslak'!AR73 -> 0.026853259 | DE14: Binance | DF14: ='Günlük taslak'!AU64 -> 0.027406171 | DG14: ='Günlük taslak'!AV64 -> 0.027413374 | DH14: ='Günlük taslak'!AW64 -> 0.027429846 | DI14: ='Günlük taslak'!AX64 -> 0.027460766 | DJ14: ='Günlük taslak'!AY64 -> 0.027491733 | DK14: ='Günlük taslak'!AZ64 -> 0.0274 | DL14: ='Günlük taslak'!BA64 -> 0.027777775
A15: Bybit | B15: 0.033 | C15: 0.034 | D15: 0.043 | E15: 0.05 | F15: 0.0585 | G15: 0.035 | H15: ='Günlük taslak'!H26 -> 0.035617971 | J15: Bybit | K15: 0.033 | L15: 0.033 | M15: 0.043 | N15: 4.99% | O15: 0.0549 | P15: 0.0347 | Q15: ='Günlük taslak'!H67 -> 0.035307362 | S15: Bybit | T15: 0.039 | U15: 0.0345 | V15: 0.04 | W15: 0.0572 | X15: 0.0579 | Y15: 0.0356 | Z15: ='Günlük taslak'!Q5 -> 0.036239468 | AB15: Bybit | AC15: 0.032 | AD15: 0.035 | AE15: 0.038 | AF15: 0.05 | AG15: 0.0585 | AH15: 0.0341 | AI15: ='Günlük taslak'!Q46 -> 0.034686422 | AK15: Bybit | AL15: 3.28% | AM15: 4.08% | AN15: 4.00% | AO15: 4.40% | AP15: 5.33% | AQ15: 3.40% | AR15: ='Günlük taslak'!Q90 -> 0.034582969 | AT15: Bybit | AU15: ='Günlük taslak'!T26 -> 0.035 | AV15: ='Günlük taslak'!U26 -> 0.042 | AW15: ='Günlük taslak'!V26 -> 0.04 | AX15: ='Günlük taslak'!W26 -> 0.042 | AY15: ='Günlük taslak'!X26 -> 0.0505 | AZ15: ='Günlük taslak'!Y26 -> 0.0357 | BA15: ='Günlük taslak'!Z26 -> 0.036343087 | BC15: Bybit | BD15: ='Günlük taslak'!T67 -> 0.031 | BE15: ='Günlük taslak'!U67 -> 0.0394 | BF15: ='Günlük taslak'!V67 -> 0.0349 | BG15: ='Günlük taslak'!W67 -> 0.044 | BH15: ='Günlük taslak'!X67 -> 0.05 | BI15: ='Günlük taslak'!Y67 -> 0.0333 | BJ15: ='Günlük taslak'!Z67 -> 0.033859081 | BL15: Bybit | BM15: ='Günlük taslak'!AC16 -> 0.03 | BN15: ='Günlük taslak'!AD16 -> 0.033 | BO15: ='Günlük taslak'!AE16 -> 0.0349 | BP15: ='Günlük taslak'!AF16 -> 0.044 | BQ15: ='Günlük taslak'!AG16 -> 0.0565 | BR15: ='Günlük taslak'!AH16 -> 0.0338 | BS15: ='Günlük taslak'!AI16 -> 0.034376092 | BU15: Bybit | BV15: ='Günlük taslak'!AC57 -> 0.0253 | BW15: ='Günlük taslak'!AD57 -> 0.032 | BX15: ='Günlük taslak'!AE57 -> 0.04 | BY15: ='Günlük taslak'!AF57 -> 0.0315 | BZ15: ='Günlük taslak'!AG57 -> 0.0649 | CA15: ='Günlük taslak'!AH57 -> 0.0341 | CB15: ='Günlük taslak'!AI57 -> 0.034686422 | CD15: Bybit | CE15: ='Günlük taslak'!AC100 -> 0.031 | CF15: ='Günlük taslak'!AD100 -> 0.03 | CG15: ='Günlük taslak'!AE100 -> 0.044 | CH15: ='Günlük taslak'!AF100 -> 0.057 | CI15: ='Günlük taslak'!AG100 -> 0.0597 | CJ15: ='Günlük taslak'!AH100 -> 0.0342 | CK15: ='Günlük taslak'!AI100 -> 0.034789886 | CM15: Bybit | CN15: ='Günlük taslak'!AL35 -> 0.0339 | CO15: ='Günlük taslak'!AM35 -> 0.0349 | CP15: ='Günlük taslak'!AN35 -> 0.0439 | CQ15: ='Günlük taslak'!AO35 -> 0.044 | CR15: ='Günlük taslak'!AP35 -> 0.065 | CS15: ='Günlük taslak'!AQ35 -> 0.0368 | CT15: ='Günlük taslak'!AR35 -> 0.037483578 | CV15: Bybit | CW15: ='Günlük taslak'!AL74 -> 0.0299 | CX15: ='Günlük taslak'!AM74 -> 0.0344 | CY15: ='Günlük taslak'!AN74 -> 0.0349 | CZ15: ='Günlük taslak'!AO74 -> 0.0439 | DA15: ='Günlük taslak'!AP74 -> 0.05 | DB15: ='Günlük taslak'!AQ74 -> 0.0329 | DC15: ='Günlük taslak'!AR74 -> 0.033445657 | DE15: Bybit | DF15: ='Günlük taslak'!AU65 -> 0.03 | DG15: ='Günlük taslak'!AV65 -> 0.032 | DH15: ='Günlük taslak'!AW65 -> 0.0429 | DI15: ='Günlük taslak'!AX65 -> 0.0435 | DJ15: ='Günlük taslak'!AY65 -> 0.0649 | DK15: ='Günlük taslak'!AZ65 -> 0.0329 | DL15: ='Günlük taslak'!BA65 -> 0.033445657
A16: OKX | B16: ='Günlük taslak'!B27 -> 0.025005138 | C16: ='Günlük taslak'!C27 -> 0.025011133 | D16: ='Günlük taslak'!D27 -> 0.025024845 | E16: ='Günlük taslak'!E27 -> 0.025050581 | F16: ='Günlük taslak'!F27 -> 0.025076352 | G16: 0.025 | H16: ='Günlük taslak'!H28 -> 0.025314243 | J16: OKX | K16: ='Günlük taslak'!B69 -> 0.025005138 | L16: ='Günlük taslak'!C69 -> 0.025011133 | M16: ='Günlük taslak'!D69 -> 0.025024845 | N16: ='Günlük taslak'!E69 -> 0.025050581 | O16: ='Günlük taslak'!F69 -> 0.025076352 | P16: 0.025 | Q16: ='Günlük taslak'!H70 -> 0.025314243 | S16: OKX | T16: ='Günlük taslak'!K7 -> 0.025005138 | U16: ='Günlük taslak'!L7 -> 0.025011133 | V16: ='Günlük taslak'!M7 -> 0.025024845 | W16: ='Günlük taslak'!N7 -> 0.025050581 | X16: ='Günlük taslak'!O7 -> 0.025076352 | Y16: 0.025 | Z16: ='Günlük taslak'!Q8 -> 0.025314243 | AB16: OKX | AC16: ='Günlük taslak'!K48 -> 0.025005138 | AD16: ='Günlük taslak'!L48 -> 0.025011133 | AE16: ='Günlük taslak'!M48 -> 0.025024845 | AF16: ='Günlük taslak'!N48 -> 0.025050581 | AG16: ='Günlük taslak'!O48 -> 0.025076352 | AH16: 0.025 | AI16: ='Günlük taslak'!Q49 -> 0.025314243 | AK16: OKX | AL16: ='Günlük taslak'!K92 -> 0.025005138 | AM16: ='Günlük taslak'!L92 -> 0.025011133 | AN16: ='Günlük taslak'!M92 -> 0.025024845 | AO16: ='Günlük taslak'!N92 -> 0.025050581 | AP16: ='Günlük taslak'!O92 -> 0.025076352 | AQ16: 2.50% | AR16: ='Günlük taslak'!Q93 -> 0.025314243 | AT16: OKX | AU16: ='Günlük taslak'!T27 -> 0.025005138 | AV16: ='Günlük taslak'!U27 -> 0.025011133 | AW16: ='Günlük taslak'!V27 -> 0.025024845 | AX16: ='Günlük taslak'!W27 -> 0.025050581 | AY16: ='Günlük taslak'!X27 -> 0.025076352 | AZ16: ='Günlük taslak'!Y28 -> 0.025 | BA16: ='Günlük taslak'!Z28 -> 0.025314243 | BC16: OKX | BD16: ='Günlük taslak'!T70 -> 0.025005138 | BE16: ='Günlük taslak'!U70 -> 0.025011133 | BF16: ='Günlük taslak'!V70 -> 0.025024845 | BG16: ='Günlük taslak'!W70 -> 0.025050581 | BH16: ='Günlük taslak'!X70 -> 0.025076352 | BI16: ='Günlük taslak'!Y70 -> 0.025 | BJ16: ='Günlük taslak'!Z70 -> 0.025314243 | BL16: OKX | BM16: ='Günlük taslak'!AC18 -> 0.025005138 | BN16: ='Günlük taslak'!AD18 -> 0.025011133 | BO16: ='Günlük taslak'!AE18 -> 0.025024845 | BP16: ='Günlük taslak'!AF18 -> 0.025050581 | BQ16: ='Günlük taslak'!AG18 -> 0.025076352 | BR16: ='Günlük taslak'!AH18 -> 0.025 | BS16: ='Günlük taslak'!AI18 -> 0.025314243 | BU16: OKX | BV16: ='Günlük taslak'!AC60 -> 0.025005138 | BW16: ='Günlük taslak'!AD60 -> 0.025011133 | BX16: ='Günlük taslak'!AE60 -> 0.025024845 | BY16: ='Günlük taslak'!AF60 -> 0.025050581 | BZ16: ='Günlük taslak'!AG60 -> 0.025076352 | CA16: ='Günlük taslak'!AH60 -> 0.025 | CB16: ='Günlük taslak'!AI60 -> 0.025314243 | CD16: OKX | CE16: ='Günlük taslak'!AC102 -> 0.025005138 | CF16: ='Günlük taslak'!AD102 -> 0.025011133 | CG16: ='Günlük taslak'!AE102 -> 0.025024845 | CH16: ='Günlük taslak'!AF102 -> 0.025050581 | CI16: ='Günlük taslak'!AG102 -> 0.025076352 | CJ16: ='Günlük taslak'!AH102 -> 0.025 | CK16: ='Günlük taslak'!AI102 -> 0.025314243 | CM16: OKX | CN16: ='Günlük taslak'!AL37 -> 0.025005138 | CO16: ='Günlük taslak'!AM37 -> 0.025011133 | CP16: ='Günlük taslak'!AN37 -> 0.025024845 | CQ16: ='Günlük taslak'!AO37 -> 0.025050581 | CR16: ='Günlük taslak'!AP37 -> 0.025076352 | CS16: ='Günlük taslak'!AQ37 -> 0.025 | CT16: ='Günlük taslak'!AR37 -> 0.025314243 | CV16: OKX | CW16: ='Günlük taslak'!AL76 -> 0.025005138 | CX16: ='Günlük taslak'!AM76 -> 0.025011133 | CY16: ='Günlük taslak'!AN76 -> 0.025024845 | CZ16: ='Günlük taslak'!AO76 -> 0.025050581 | DA16: ='Günlük taslak'!AP76 -> 0.025076352 | DB16: ='Günlük taslak'!AQ76 -> 0.025 | DC16: ='Günlük taslak'!AR76 -> 0.025314243 | DE16: OKX | DF16: ='Günlük taslak'!AU67 -> 0.025005138 | DG16: ='Günlük taslak'!AV67 -> 0.025011133 | DH16: ='Günlük taslak'!AW67 -> 0.025024845 | DI16: ='Günlük taslak'!AX67 -> 0.025050581 | DJ16: ='Günlük taslak'!AY67 -> 0.025076352 | DK16: ='Günlük taslak'!AZ67 -> 0.025 | DL16: ='Günlük taslak'!BA67 -> 0.025314243
